{
"type": "FeatureCollection",
"name": "rastrelliere",
"crs": { "type": "name", "properties": { "name": "urn:ogc:def:crs:EPSG::25832" } },
"features": [
{ "type": "Feature", "properties": { "id": 327, "zona": "OLTREFERSINA", "tipologia": "Bronzetti 7 posti", "n_posti": 7, "fumetto": null, "anno": 2022, "nr_moduli": 1, "tot_bici": 7, "foto": "327.jpg", "codice_via": 3803, "civico": 4, "barra": null, "edificio": "SCUOLA PRIMARIA \"MADONNA BIANCA\"", "Tipo_generale": "Rastr_tradizionale", "categoria": "SCUOLA", "provenienza": "Esistente al 2023" }, "geometry": { "type": "LineString", "coordinates": [ [ 665120.508979262318462, 5100694.155023728497326 ], [ 665120.666255710762925, 5100691.55996232945472 ] ] } },
{ "type": "Feature", "properties": { "id": 113, "zona": "CENTRO STORICO_PIEDICASTELLO", "tipologia": "Rotonda 6 posti", "n_posti": 6, "fumetto": null, "anno": 2022, "nr_moduli": 1, "tot_bici": 6, "foto": "113.jpg", "codice_via": 3050, "civico": 28, "barra": null, "edificio": null, "Tipo_generale": "Rastr_tradizionale", "categoria": null, "provenienza": "Sostituzione prevista nel 2026" }, "geometry": { "type": "LineString", "coordinates": [ [ 664336.125833203666843, 5104547.069791895337403 ], [ 664336.205208203755319, 5104546.434791894629598 ] ] } },
{ "type": "Feature", "properties": { "id": 112, "zona": "CENTRO STORICO_PIEDICASTELLO", "tipologia": "Rotonda 6 posti", "n_posti": 6, "fumetto": null, "anno": 2022, "nr_moduli": 1, "tot_bici": 6, "foto": "112.jpg", "codice_via": 3050, "civico": 28, "barra": null, "edificio": null, "Tipo_generale": "Rastr_tradizionale", "categoria": null, "provenienza": "Sostituzione prevista nel 2026" }, "geometry": { "type": "LineString", "coordinates": [ [ 664335.64958320313599, 5104548.816041897051036 ], [ 664335.728958203224465, 5104548.207500229589641 ] ] } },
{ "type": "Feature", "properties": { "id": 111, "zona": "CENTRO STORICO_PIEDICASTELLO", "tipologia": "Metallo 4 posti", "n_posti": 4, "fumetto": null, "anno": 2022, "nr_moduli": 1, "tot_bici": 4, "foto": "111.jpg", "codice_via": 1730, "civico": 13, "barra": null, "edificio": null, "Tipo_generale": "Rastr_tradizionale", "categoria": null, "provenienza": "Sostituzione prevista nel 2026" }, "geometry": { "type": "LineString", "coordinates": [ [ 664313.8588773770025, 5104429.16766494512558 ], [ 664314.092406169627793, 5104427.298305302858353 ] ] } },
{ "type": "Feature", "properties": { "id": 180, "zona": "CENTRO STORICO_PIEDICASTELLO", "tipologia": "Metallo 4 posti", "n_posti": 4, "fumetto": null, "anno": 2022, "nr_moduli": 1, "tot_bici": 4, "foto": "180.jpg", "codice_via": 480, "civico": 26, "barra": "1", "edificio": null, "Tipo_generale": "Rastr_tradizionale", "categoria": null, "provenienza": "Sostituzione prevista nel 2026" }, "geometry": { "type": "LineString", "coordinates": [ [ 663842.551900423597544, 5104538.408775554969907 ], [ 663841.032112977351062, 5104538.80097876675427 ] ] } },
{ "type": "Feature", "properties": { "id": 179, "zona": "CENTRO STORICO_PIEDICASTELLO", "tipologia": "3 posti doppia", "n_posti": 6, "fumetto": null, "anno": 2022, "nr_moduli": 1, "tot_bici": 6, "foto": "179.jpg", "codice_via": 480, "civico": 22, "barra": "1", "edificio": null, "Tipo_generale": "Rastr_tradizionale", "categoria": null, "provenienza": "Sostituzione prevista nel 2026" }, "geometry": { "type": "LineString", "coordinates": [ [ 663845.615856374148279, 5104552.436328443698585 ], [ 663846.474064186215401, 5104552.203138014301658 ] ] } },
{ "type": "Feature", "properties": { "id": 184, "zona": "CENTRO STORICO_PIEDICASTELLO", "tipologia": "Androna", "n_posti": 4, "fumetto": null, "anno": 2022, "nr_moduli": 2, "tot_bici": 8, "foto": "184.jpg", "codice_via": 480, "civico": 46, "barra": null, "edificio": null, "Tipo_generale": "Rastr_tradizionale", "categoria": null, "provenienza": "Sostituzione prevista nel 2026" }, "geometry": { "type": "LineString", "coordinates": [ [ 663774.357566945021972, 5104347.307760539464653 ], [ 663773.609929572208785, 5104345.469307983294129 ] ] } },
{ "type": "Feature", "properties": { "id": 89, "zona": "CENTRO STORICO_PIEDICASTELLO", "tipologia": "Rosmini", "n_posti": 6, "fumetto": null, "anno": 2022, "nr_moduli": 1, "tot_bici": 6, "foto": "89.jpg", "codice_via": 2670, "civico": 29, "barra": null, "edificio": "FACOLTA' GIURISPRUDENZA", "Tipo_generale": "Rastr_tradizionale", "categoria": "SCUOLA", "provenienza": "Esistente al 2023" }, "geometry": { "type": "LineString", "coordinates": [ [ 663885.593383412575349, 5103683.833058369345963 ], [ 663884.850582244689576, 5103686.975021928548813 ] ] } },
{ "type": "Feature", "properties": { "id": 183, "zona": "CENTRO STORICO_PIEDICASTELLO", "tipologia": "3 posti doppia", "n_posti": 6, "fumetto": null, "anno": 2022, "nr_moduli": 1, "tot_bici": 6, "foto": "183.jpg", "codice_via": 480, "civico": 40, "barra": null, "edificio": null, "Tipo_generale": "Rastr_tradizionale", "categoria": null, "provenienza": "Sostituzione prevista nel 2026" }, "geometry": { "type": "LineString", "coordinates": [ [ 663787.741501552751288, 5104384.885730783455074 ], [ 663788.991649290896021, 5104384.444502169266343 ] ] } },
{ "type": "Feature", "properties": { "id": 186, "zona": "CENTRO STORICO_PIEDICASTELLO", "tipologia": "Metallo 4 posti", "n_posti": 4, "fumetto": null, "anno": 2022, "nr_moduli": 2, "tot_bici": 8, "foto": "186.jpg", "codice_via": 480, "civico": 50, "barra": null, "edificio": null, "Tipo_generale": "Rastr_tradizionale", "categoria": null, "provenienza": "Sostituzione prevista nel 2026" }, "geometry": { "type": "LineString", "coordinates": [ [ 663758.387542408076115, 5104271.710591435432434 ], [ 663757.358008976676501, 5104267.788559315726161 ] ] } },
{ "type": "Feature", "properties": { "id": 91, "zona": "CENTRO STORICO_PIEDICASTELLO", "tipologia": "Rosmini", "n_posti": 6, "fumetto": null, "anno": 2022, "nr_moduli": 5, "tot_bici": 30, "foto": "91.jpg", "codice_via": 2670, "civico": 27, "barra": null, "edificio": "FACOLTA' GIURISPRUDENZA", "Tipo_generale": "Rastr_tradizionale", "categoria": "SCUOLA", "provenienza": "Sostituzione prevista nel 2026" }, "geometry": { "type": "LineString", "coordinates": [ [ 663867.049668445135467, 5103759.715196263976395 ], [ 663868.323220274411142, 5103752.119369282387197 ] ] } },
{ "type": "Feature", "properties": { "id": 189, "zona": "CENTRO STORICO_PIEDICASTELLO", "tipologia": "Metallo 4 posti", "n_posti": 4, "fumetto": null, "anno": 2022, "nr_moduli": 1, "tot_bici": 4, "foto": "189.jpg", "codice_via": 570, "civico": 30, "barra": null, "edificio": null, "Tipo_generale": "Rastr_tradizionale", "categoria": null, "provenienza": "Sostituzione prevista nel 2026" }, "geometry": { "type": "LineString", "coordinates": [ [ 663926.593694936018437, 5104802.067384806461632 ], [ 663926.838821943500079, 5104802.75374042801559 ] ] } },
{ "type": "Feature", "properties": { "id": 190, "zona": "CENTRO STORICO_PIEDICASTELLO", "tipologia": "Metallo 4 posti", "n_posti": 4, "fumetto": null, "anno": 2022, "nr_moduli": 1, "tot_bici": 4, "foto": "190.jpg", "codice_via": 570, "civico": 30, "barra": null, "edificio": null, "Tipo_generale": "Rastr_tradizionale", "categoria": null, "provenienza": "Sostituzione prevista nel 2026" }, "geometry": { "type": "LineString", "coordinates": [ [ 663928.579223696724512, 5104810.916469778865576 ], [ 663929.473937273956835, 5104810.573291968554258 ] ] } },
{ "type": "Feature", "properties": { "id": 194, "zona": "CENTRO STORICO_PIEDICASTELLO", "tipologia": "Metallo 5 posti", "n_posti": 5, "fumetto": null, "anno": 2022, "nr_moduli": 1, "tot_bici": 5, "foto": "195.jpg", "codice_via": 100, "civico": 28, "barra": null, "edificio": null, "Tipo_generale": "Rastr_tradizionale", "categoria": null, "provenienza": "Sostituzione prevista nel 2026" }, "geometry": { "type": "LineString", "coordinates": [ [ 663873.560466869268566, 5104834.264817237854004 ], [ 663874.393898694775999, 5104834.706045852042735 ] ] } },
{ "type": "Feature", "properties": { "id": 193, "zona": "CENTRO STORICO_PIEDICASTELLO", "tipologia": "Metallo 5 posti", "n_posti": 5, "fumetto": null, "anno": 2022, "nr_moduli": 1, "tot_bici": 5, "foto": "193.jpg", "codice_via": 570, "civico": 1, "barra": null, "edificio": null, "Tipo_generale": "Rastr_tradizionale", "categoria": null, "provenienza": "Sostituzione prevista nel 2026" }, "geometry": { "type": "LineString", "coordinates": [ [ 663864.981021607527509, 5104780.483951799571514 ], [ 663865.275174016482197, 5104781.562510632909834 ] ] } },
{ "type": "Feature", "properties": { "id": 177, "zona": "CENTRO STORICO_PIEDICASTELLO", "tipologia": "Gar 6 posti", "n_posti": 6, "fumetto": null, "anno": 2022, "nr_moduli": 1, "tot_bici": 6, "foto": "177.jpg", "codice_via": 1220, "civico": 14, "barra": null, "edificio": "FACOLTA' LETTERE", "Tipo_generale": "Rastr_bloccatelaio", "categoria": "SCUOLA", "provenienza": "Sostituzione prevista nel 2026" }, "geometry": { "type": "LineString", "coordinates": [ [ 663742.38644107116852, 5103706.11709339171648 ], [ 663742.915793627384119, 5103702.787295054644346 ] ] } },
{ "type": "Feature", "properties": { "id": 271, "zona": "S. GIUSEPPE_S. CHIARA", "tipologia": "Metallo 4 posti", "n_posti": 4, "fumetto": null, "anno": 2022, "nr_moduli": 3, "tot_bici": 12, "foto": "271.jpg", "codice_via": 2370, "civico": 3, "barra": null, "edificio": null, "Tipo_generale": "Rastr_tradizionale", "categoria": null, "provenienza": "Sostituzione prevista nel 2026" }, "geometry": { "type": "LineString", "coordinates": [ [ 664412.136955890222453, 5103175.21063130069524 ], [ 664417.635392119176686, 5103178.215987748466432 ] ] } },
{ "type": "Feature", "properties": { "id": 422, "zona": "POVO", "tipologia": "Spirale", "n_posti": 6, "fumetto": null, "anno": 2023, "nr_moduli": 1, "tot_bici": 6, "foto": "422.JPG", "codice_via": 7503, "civico": 1, "barra": null, "edificio": "BIBILIOTECA COMUNALE", "Tipo_generale": "Rastr_tradizionale", "categoria": null, "provenienza": "Sostituzione prevista nel 2026" }, "geometry": { "type": "LineString", "coordinates": [ [ 666533.338598003727384, 5103492.858833225443959 ], [ 666534.011991381528787, 5103490.515424270182848 ] ] } },
{ "type": "Feature", "properties": { "id": 19, "zona": "ZTL", "tipologia": "4 posti con gancio", "n_posti": 4, "fumetto": null, "anno": 2022, "nr_moduli": 1, "tot_bici": 4, "foto": "19.jpg", "codice_via": 1200, "civico": 6, "barra": null, "edificio": null, "Tipo_generale": "Rastr_bloccatelaio", "categoria": null, "provenienza": "Sostituzione prevista nel 2026" }, "geometry": { "type": "LineString", "coordinates": [ [ 664367.941093113156967, 5103807.574844928458333 ], [ 664370.904426449676976, 5103805.616928258910775 ] ] } },
{ "type": "Feature", "properties": { "id": 424, "zona": "POVO", "tipologia": "Metallo 4 posti", "n_posti": 4, "fumetto": null, "anno": 2023, "nr_moduli": 1, "tot_bici": 4, "foto": "424.JPG", "codice_via": 7380, "civico": 9, "barra": null, "edificio": null, "Tipo_generale": "Rastr_tradizionale", "categoria": null, "provenienza": "Sostituzione prevista nel 2026" }, "geometry": { "type": "LineString", "coordinates": [ [ 666632.165810131584294, 5103638.661967388354242 ], [ 666632.596781893400475, 5103639.173746354877949 ] ] } },
{ "type": "Feature", "properties": { "id": 423, "zona": "POVO", "tipologia": "Spirale", "n_posti": 6, "fumetto": null, "anno": 2023, "nr_moduli": 1, "tot_bici": 6, "foto": "423.JPG", "codice_via": 7503, "civico": 1, "barra": null, "edificio": "BIBLIOTECA COMUNALE", "Tipo_generale": "Rastr_tradizionale", "categoria": null, "provenienza": "Sostituzione prevista nel 2026" }, "geometry": { "type": "LineString", "coordinates": [ [ 666534.577641818905249, 5103487.929593699984252 ], [ 666536.894115038681775, 5103487.956529434770346 ] ] } },
{ "type": "Feature", "properties": { "id": 123, "zona": "CENTRO STORICO_PIEDICASTELLO", "tipologia": "Metallo 4 posti", "n_posti": 4, "fumetto": null, "anno": 2022, "nr_moduli": 2, "tot_bici": 8, "foto": "123.jpg", "codice_via": 740, "civico": 11, "barra": null, "edificio": null, "Tipo_generale": "Rastr_tradizionale", "categoria": null, "provenienza": "Sostituzione prevista nel 2026" }, "geometry": { "type": "LineString", "coordinates": [ [ 664553.411886635120027, 5104028.026431026868522 ], [ 664555.86471284343861, 5104031.105411120690405 ] ] } },
{ "type": "Feature", "properties": { "id": 344, "zona": "CENTRO STORICO_PIEDICASTELLO", "tipologia": "Metallo 4 posti", "n_posti": 4, "fumetto": null, "anno": 2023, "nr_moduli": 2, "tot_bici": 8, "foto": "344.JPG", "codice_via": 610, "civico": 1, "barra": null, "edificio": null, "Tipo_generale": "Rastr_tradizionale", "categoria": null, "provenienza": "Sostituzione prevista nel 2026" }, "geometry": { "type": "LineString", "coordinates": [ [ 664253.453133829054423, 5103840.439735734835267 ], [ 664254.727490480407141, 5103841.873386967927217 ] ] } },
{ "type": "Feature", "properties": { "id": 93, "zona": "S. GIUSEPPE_S. CHIARA", "tipologia": "3 posti doppia", "n_posti": 6, "fumetto": null, "anno": 2022, "nr_moduli": 1, "tot_bici": 6, "foto": "93.jpg", "codice_via": 3510, "civico": 50, "barra": null, "edificio": null, "Tipo_generale": "Rastr_tradizionale", "categoria": null, "provenienza": "Sostituzione prevista nel 2026" }, "geometry": { "type": "LineString", "coordinates": [ [ 664102.951926279580221, 5102700.151392769999802 ], [ 664103.904315394116566, 5102697.056128147989511 ] ] } },
{ "type": "Feature", "properties": { "id": 98, "zona": "S. GIUSEPPE_S. CHIARA", "tipologia": "Metallo 4 posti", "n_posti": 4, "fumetto": null, "anno": 2022, "nr_moduli": 1, "tot_bici": 4, "foto": "98.jpg", "codice_via": 3510, "civico": 39, "barra": null, "edificio": null, "Tipo_generale": "Rastr_tradizionale", "categoria": null, "provenienza": "Sostituzione prevista nel 2026" }, "geometry": { "type": "LineString", "coordinates": [ [ 664113.090902060968801, 5102720.925380325876176 ], [ 664115.868703645071946, 5102721.639672161079943 ] ] } },
{ "type": "Feature", "properties": { "id": 97, "zona": "S. GIUSEPPE_S. CHIARA", "tipologia": "Metallo 4 posti", "n_posti": 4, "fumetto": null, "anno": 2022, "nr_moduli": 3, "tot_bici": 12, "foto": "97.jpg", "codice_via": 3510, "civico": 20, "barra": null, "edificio": null, "Tipo_generale": "Rastr_tradizionale", "categoria": null, "provenienza": "Sostituzione prevista nel 2026" }, "geometry": { "type": "LineString", "coordinates": [ [ 664006.413835394661874, 5102669.960692294873297 ], [ 664014.097985403612256, 5102672.786751908250153 ] ] } },
{ "type": "Feature", "properties": { "id": 95, "zona": "S. GIUSEPPE_S. CHIARA", "tipologia": "3 posti doppia", "n_posti": 6, "fumetto": null, "anno": 2022, "nr_moduli": 1, "tot_bici": 6, "foto": "95.jpg", "codice_via": 3510, "civico": 30, "barra": null, "edificio": null, "Tipo_generale": "Rastr_tradizionale", "categoria": null, "provenienza": "Sostituzione prevista nel 2026" }, "geometry": { "type": "LineString", "coordinates": [ [ 664050.173696181969717, 5102684.119509343989193 ], [ 664051.205451056011952, 5102680.825830322690308 ] ] } },
{ "type": "Feature", "properties": { "id": 51, "zona": "S. GIUSEPPE_S.CHIARA", "tipologia": "Metallo 5 posti", "n_posti": 5, "fumetto": "VIA DEL TRAVAI - nr. posti 5", "anno": 2022, "nr_moduli": 1, "tot_bici": 5, "foto": "51.jpg", "codice_via": 3340, "civico": 36, "barra": null, "edificio": null, "Tipo_generale": "Rastr_tradizionale", "categoria": null, "provenienza": "Sostituzione prevista nel 2026" }, "geometry": { "type": "LineString", "coordinates": [ [ 664069.151111960760318, 5103411.844346639700234 ], [ 664072.789068265352398, 5103412.049301924183965 ] ] } },
{ "type": "Feature", "properties": { "id": 56, "zona": "CENTRO STORICO_PIEDICASTELLO", "tipologia": "Metallo 4 posti", "n_posti": 4, "fumetto": "PIAZZA DANTE - nr. posti 12", "anno": 2022, "nr_moduli": 3, "tot_bici": 12, "foto": "56.jpg", "codice_via": 880, "civico": 32, "barra": null, "edificio": "BIBLIOTECA GIOVANILE", "Tipo_generale": "Rastr_tradizionale", "categoria": null, "provenienza": "Sostituzione prevista nel 2027" }, "geometry": { "type": "LineString", "coordinates": [ [ 664034.696909949416295, 5104132.319551322609186 ], [ 664036.73394300986547, 5104121.746379722841084 ] ] } },
{ "type": "Feature", "properties": { "id": 126, "zona": "S. GIUSEPPE_S. CHIARA", "tipologia": "Metallo 4 posti", "n_posti": 4, "fumetto": null, "anno": 2022, "nr_moduli": 4, "tot_bici": 16, "foto": "126.jpg", "codice_via": 3400, "civico": null, "barra": null, "edificio": null, "Tipo_generale": "Rastr_tradizionale", "categoria": null, "provenienza": "Sostituzione prevista nel 2027" }, "geometry": { "type": "LineString", "coordinates": [ [ 664564.59409139235504, 5103987.731167010031641 ], [ 664568.123920299927704, 5103991.702224531210959 ] ] } },
{ "type": "Feature", "properties": { "id": 405, "zona": "MATTARELLO", "tipologia": "Mattarello", "n_posti": 4, "fumetto": null, "anno": 2023, "nr_moduli": 2, "tot_bici": 8, "foto": "405.jpg", "codice_via": 7730, "civico": 4, "barra": null, "edificio": "CENTRO CIVICO MATTARELLO", "Tipo_generale": "Rastr_tradizionale", "categoria": null, "provenienza": "Sostituzione prevista nel 2026" }, "geometry": { "type": "LineString", "coordinates": [ [ 664769.808882647193968, 5096927.070539790205657 ], [ 664771.748255575424992, 5096926.208596265874803 ] ] } },
{ "type": "Feature", "properties": { "id": 10, "zona": "ZTL", "tipologia": "Verona 90", "n_posti": 6, "fumetto": "PIAZZA C. BATTISTI - nr. posti 6", "anno": 2022, "nr_moduli": 1, "tot_bici": 6, "foto": "10.jpg", "codice_via": 230, "civico": 1, "barra": null, "edificio": null, "Tipo_generale": "Rastr_bloccatelaio", "categoria": null, "provenienza": "Esistente al 2023" }, "geometry": { "type": "LineString", "coordinates": [ [ 664214.329240740626119, 5103938.107392595149577 ], [ 664214.75472962949425, 5103933.214270372875035 ] ] } },
{ "type": "Feature", "properties": { "id": 38, "zona": "ZTL", "tipologia": "Metallo 4 posti", "n_posti": 4, "fumetto": "PIAZZA S. TERESA VERZERI - nr. posti 8", "anno": 2022, "nr_moduli": 2, "tot_bici": 8, "foto": "38.jpg", "codice_via": 3710, "civico": 4, "barra": null, "edificio": null, "Tipo_generale": "Rastr_tradizionale", "categoria": null, "provenienza": "Esistente al 2023" }, "geometry": { "type": "LineString", "coordinates": [ [ 663947.334962961962447, 5103740.11322963424027 ], [ 663951.8735111100832, 5103740.325974077917635 ] ] } },
{ "type": "Feature", "properties": { "id": 41, "zona": "ZTL", "tipologia": "Metallo 4 posti", "n_posti": 4, "fumetto": "PIAZZA DELLA PORTELLA - nr. posti 12", "anno": 2022, "nr_moduli": 3, "tot_bici": 12, "foto": "41.jpg", "codice_via": 2480, "civico": 86, "barra": null, "edificio": null, "Tipo_generale": "Rastr_tradizionale", "categoria": null, "provenienza": "Sostituzione prevista nel 2026" }, "geometry": { "type": "LineString", "coordinates": [ [ 663850.748985184589401, 5103966.969722224399447 ], [ 663848.763370369793847, 5103977.039625927805901 ] ] } },
{ "type": "Feature", "properties": { "id": 18, "zona": "ZTL", "tipologia": "Metallo 4 posti", "n_posti": 4, "fumetto": "LARGO G. CARDUCCI - nr. posti 16", "anno": 2022, "nr_moduli": 4, "tot_bici": 16, "foto": "18.jpg", "codice_via": 610, "civico": 21, "barra": null, "edificio": null, "Tipo_generale": "Rastr_tradizionale", "categoria": null, "provenienza": "Sostituzione prevista nel 2026" }, "geometry": { "type": "LineString", "coordinates": [ [ 664293.01749807363376, 5103846.615618766285479 ], [ 664298.834938454907387, 5103846.224689741618931 ] ] } },
{ "type": "Feature", "properties": { "id": 9, "zona": "ZTL", "tipologia": "Metallo 4 posti", "n_posti": 4, "fumetto": "PIAZZA C. BATTISTI - nr. posti 8", "anno": 2022, "nr_moduli": 2, "tot_bici": 8, "foto": "9.jpg", "codice_via": 230, "civico": 8, "barra": null, "edificio": null, "Tipo_generale": "Rastr_tradizionale", "categoria": null, "provenienza": "Sostituzione prevista nel 2026" }, "geometry": { "type": "LineString", "coordinates": [ [ 664231.916114814579487, 5103962.998492593877017 ], [ 664227.02299259242136, 5103962.856662964448333 ] ] } },
{ "type": "Feature", "properties": { "id": 129, "zona": "S. GIUSEPPE_S. CHIARA", "tipologia": "Metallo 4 posti", "n_posti": 4, "fumetto": null, "anno": 2022, "nr_moduli": 2, "tot_bici": 8, "foto": "129.jpg", "codice_via": 1400, "civico": 2, "barra": null, "edificio": null, "Tipo_generale": "Rastr_tradizionale", "categoria": null, "provenienza": "Sostituzione prevista nel 2027" }, "geometry": { "type": "LineString", "coordinates": [ [ 664505.665558796026744, 5103723.141075144521892 ], [ 664510.02881952910684, 5103722.062516311183572 ] ] } },
{ "type": "Feature", "properties": { "id": 128, "zona": "S. GIUSEPPE_S. CHIARA", "tipologia": "Metallo 4 posti", "n_posti": 4, "fumetto": null, "anno": 2022, "nr_moduli": 2, "tot_bici": 8, "foto": "128.jpg", "codice_via": 1400, "civico": 2, "barra": null, "edificio": null, "Tipo_generale": "Rastr_tradizionale", "categoria": null, "provenienza": "Sostituzione prevista nel 2027" }, "geometry": { "type": "LineString", "coordinates": [ [ 664507.479498651344329, 5103740.447041871026158 ], [ 664512.185937194852158, 5103739.466533840633929 ] ] } },
{ "type": "Feature", "properties": { "id": 127, "zona": "S. GIUSEPPE_S. CHIARA", "tipologia": "Verona 90", "n_posti": 6, "fumetto": null, "anno": 2022, "nr_moduli": 2, "tot_bici": 12, "foto": "127.jpg", "codice_via": 3400, "civico": null, "barra": null, "edificio": null, "Tipo_generale": "Rastr_bloccatelaio", "categoria": null, "provenienza": "Sostituzione prevista nel 2027" }, "geometry": { "type": "LineString", "coordinates": [ [ 664570.62421577621717, 5103987.191887593828142 ], [ 664568.22197110299021, 5103983.858160292729735 ] ] } },
{ "type": "Feature", "properties": { "id": 134, "zona": "S. GIUSEPPE_S. CHIARA", "tipologia": "Metallo 4 posti", "n_posti": 4, "fumetto": null, "anno": 2022, "nr_moduli": 1, "tot_bici": 4, "foto": "134.jpg", "codice_via": 210, "civico": 2, "barra": null, "edificio": null, "Tipo_generale": "Rastr_tradizionale", "categoria": null, "provenienza": "Sostituzione prevista nel 2026" }, "geometry": { "type": "LineString", "coordinates": [ [ 664406.809278552769683, 5103519.358096396550536 ], [ 664408.627860721549951, 5103518.666522893123329 ] ] } },
{ "type": "Feature", "properties": { "id": 232, "zona": "OLTREFERSINA", "tipologia": "Metallo 4 posti", "n_posti": 4, "fumetto": null, "anno": 2022, "nr_moduli": 1, "tot_bici": 4, "foto": "232.jpg", "codice_via": 3470, "civico": 15, "barra": null, "edificio": null, "Tipo_generale": "Rastr_tradizionale", "categoria": null, "provenienza": "Sostituzione prevista nel 2027" }, "geometry": { "type": "LineString", "coordinates": [ [ 664977.890833315439522, 5103146.477916675619781 ], [ 664979.319583316799253, 5103145.102083341218531 ] ] } },
{ "type": "Feature", "properties": { "id": 133, "zona": "S. GIUSEPPE_S. CHIARA", "tipologia": "Metallo 5 posti", "n_posti": 5, "fumetto": null, "anno": 2022, "nr_moduli": 2, "tot_bici": 10, "foto": "133.jpg", "codice_via": 210, "civico": 2, "barra": null, "edificio": null, "Tipo_generale": "Rastr_tradizionale", "categoria": null, "provenienza": "Sostituzione prevista nel 2026" }, "geometry": { "type": "LineString", "coordinates": [ [ 664402.881824103766121, 5103520.741243397817016 ], [ 664406.501912552397698, 5103519.528855285607278 ] ] } },
{ "type": "Feature", "properties": { "id": 132, "zona": "CENTRO STORICO_PIEDICASTELLO", "tipologia": "Metallo 4 posti", "n_posti": 4, "fumetto": null, "anno": 2022, "nr_moduli": 3, "tot_bici": 12, "foto": "132.jpg", "codice_via": 1260, "civico": 26, "barra": null, "edificio": null, "Tipo_generale": "Rastr_tradizionale", "categoria": null, "provenienza": "Sostituzione prevista nel 2026" }, "geometry": { "type": "LineString", "coordinates": [ [ 664322.653735016821884, 5103578.859318544156849 ], [ 664329.909494437975809, 5103580.183004384860396 ] ] } },
{ "type": "Feature", "properties": { "id": 502, "zona": "CENTRO STORICOPOIEDICASTELLO", "tipologia": "Spirale", "n_posti": 5, "fumetto": null, "anno": 2025, "nr_moduli": 1, "tot_bici": 5, "foto": "502.JPG", "codice_via": 3640, "civico": 18, "barra": null, "edificio": "SCUOLA INFANZIA", "Tipo_generale": "Rastr_tradizionale", "categoria": "SCUOLA", "provenienza": "Nuova posizione" }, "geometry": { "type": "LineString", "coordinates": [ [ 664424.615416717715561, 5104518.331913994625211 ], [ 664427.367083387100138, 5104517.379413994029164 ] ] } },
{ "type": "Feature", "properties": { "id": 503, "zona": "S. GIUSEPPE-S.CHIARA", "tipologia": "Archetto", "n_posti": 2, "fumetto": null, "anno": 2025, "nr_moduli": 15, "tot_bici": 30, "foto": "503.JPG", "codice_via": 3510, "civico": 61, "barra": null, "edificio": "SCUOLA SECONDARIA \"BRONZETTI-SEGANTINI2", "Tipo_generale": "Rastr_bloccatelaio", "categoria": "SCUOLA", "provenienza": "Nuova posizione" }, "geometry": { "type": "LineString", "coordinates": [ [ 664311.2149999353569, 5102834.841078947298229 ], [ 664320.951666611945257, 5102838.492328950203955 ] ] } },
{ "type": "Feature", "properties": { "id": 504, "zona": "GARDOLO", "tipologia": "Archetto", "n_posti": 2, "fumetto": null, "anno": 2025, "nr_moduli": 5, "tot_bici": 10, "foto": "504.JPG", "codice_via": 5610, "civico": 18, "barra": null, "edificio": "IMPIANTO SPORTIVO TN NORD", "Tipo_generale": "Rastr_bloccatelaio", "categoria": null, "provenienza": "Sostituzione di esistente" }, "geometry": { "type": "LineString", "coordinates": [ [ 663401.312915674643591, 5107976.594834189862013 ], [ 663402.159582342137583, 5107980.722334193997085 ] ] } },
{ "type": "Feature", "properties": { "id": 505, "zona": "GARDOLO", "tipologia": "Archetto", "n_posti": 2, "fumetto": null, "anno": 2025, "nr_moduli": 5, "tot_bici": 10, "foto": "505.JPG", "codice_via": 5610, "civico": 18, "barra": null, "edificio": "IMPIANTO SPORTIVO TN NORD", "Tipo_generale": "Rastr_bloccatelaio", "categoria": null, "provenienza": "Nuova posizione" }, "geometry": { "type": "LineString", "coordinates": [ [ 663461.509012738941237, 5107953.437500000931323 ], [ 663457.968606687965803, 5107953.509753185324371 ] ] } },
{ "type": "Feature", "properties": { "id": 506, "zona": "GAROLO", "tipologia": "Archetto", "n_posti": 2, "fumetto": null, "anno": 2025, "nr_moduli": 5, "tot_bici": 10, "foto": "506.JPG", "codice_via": 5610, "civico": 18, "barra": null, "edificio": "IMPIANTO SPORTIVO TN NORD", "Tipo_generale": "Rastr_bloccatelaio", "categoria": null, "provenienza": "Nuova posizione" }, "geometry": { "type": "LineString", "coordinates": [ [ 663455.367492038290948, 5107953.365246816538274 ], [ 663452.043845541425981, 5107953.365246816538274 ] ] } },
{ "type": "Feature", "properties": { "id": 488, "zona": "CENTRO STORICO-PIEDICASTELLO", "tipologia": "Archetto", "n_posti": 2, "fumetto": null, "anno": 2024, "nr_moduli": 3, "tot_bici": 6, "foto": "488.JPG", "codice_via": 4056, "civico": null, "barra": null, "edificio": null, "Tipo_generale": "Rastr_bloccatelaio", "categoria": null, "provenienza": "Nuova posizione" }, "geometry": { "type": "LineString", "coordinates": [ [ 664198.535416674101725, 5104623.113749953918159 ], [ 664198.535416674101725, 5104620.838333285413682 ] ] } },
{ "type": "Feature", "properties": { "id": 15, "zona": "ZTL", "tipologia": "Metallo 4 posti", "n_posti": 4, "fumetto": "VIA S. MARIA MADDALENA - nr. posti 4", "anno": 2022, "nr_moduli": 1, "tot_bici": 4, "foto": "15.jpg", "codice_via": 2970, "civico": 16, "barra": null, "edificio": "LICEO MUSICALE E COREUTICO \"F.A. BONPORTI\"", "Tipo_generale": "Rastr_tradizionale", "categoria": "SCUOLA", "provenienza": "Esistente al 2023" }, "geometry": { "type": "LineString", "coordinates": [ [ 664411.756085185683332, 5103909.457807409577072 ], [ 664412.819807407911867, 5103906.550300002098083 ] ] } },
{ "type": "Feature", "properties": { "id": 16, "zona": "ZTL", "tipologia": "Metallo 4 posti", "n_posti": 4, "fumetto": "VIA S. MARIA MADDALENA - nr. posti 12", "anno": 2022, "nr_moduli": 3, "tot_bici": 12, "foto": "16.jpg", "codice_via": 2970, "civico": 16, "barra": null, "edificio": "LICEO MUSICALE E COREUTICO \"F.A. BONPORTI\"", "Tipo_generale": "Rastr_tradizionale", "categoria": "SCUOLA", "provenienza": "Esistente al 2023" }, "geometry": { "type": "LineString", "coordinates": [ [ 664413.245296296779998, 5103905.415662965737283 ], [ 664415.089081481914036, 5103900.309796298854053 ] ] } },
{ "type": "Feature", "properties": { "id": 30, "zona": "ZTL", "tipologia": "Metallo 4 posti", "n_posti": 4, "fumetto": "PIAZZA G.B. GARZETTI - nr. posti 8", "anno": 2022, "nr_moduli": 2, "tot_bici": 8, "foto": "30.jpg", "codice_via": 1260, "civico": 22, "barra": null, "edificio": null, "Tipo_generale": "Rastr_tradizionale", "categoria": null, "provenienza": "Sostituzione prevista nel 2026" }, "geometry": { "type": "LineString", "coordinates": [ [ 664281.23345229960978, 5103571.872694852761924 ], [ 664280.666133781080134, 5103574.992946704849601 ] ] } },
{ "type": "Feature", "properties": { "id": 32, "zona": "ZTL", "tipologia": "Metallo 4 posti", "n_posti": 4, "fumetto": "PIAZZA G.B. GARZETTI - nr. posti 8", "anno": 2022, "nr_moduli": 2, "tot_bici": 8, "foto": "32.jpg", "codice_via": 1260, "civico": 3, "barra": null, "edificio": null, "Tipo_generale": "Rastr_tradizionale", "categoria": null, "provenienza": "Sostituzione prevista nel 2026" }, "geometry": { "type": "LineString", "coordinates": [ [ 664320.176781727932394, 5103546.476331657730043 ], [ 664322.871544690919109, 5103546.653618694283068 ] ] } },
{ "type": "Feature", "properties": { "id": 26, "zona": "ZTL", "tipologia": "Metallo 4 posti", "n_posti": 4, "fumetto": "PIAZZA LODRON - nr. posti 8", "anno": 2022, "nr_moduli": 2, "tot_bici": 8, "foto": "26.jpg", "codice_via": 1550, "civico": 30, "barra": null, "edificio": null, "Tipo_generale": "Rastr_tradizionale", "categoria": null, "provenienza": "Sostituzione prevista nel 2026" }, "geometry": { "type": "LineString", "coordinates": [ [ 664163.117108509293757, 5103776.470631583593786 ], [ 664170.085588190238923, 5103774.882228127680719 ] ] } },
{ "type": "Feature", "properties": { "id": 553, "zona": "CENTRO STORICO-PIEDICASTELLO", "tipologia": "Archetto", "n_posti": 2, "fumetto": null, "anno": 2026, "nr_moduli": 3, "tot_bici": 6, "foto": "553.JPG", "codice_via": 2850, "civico": null, "barra": null, "edificio": null, "Tipo_generale": "Rastr_bloccatelaio", "categoria": null, "provenienza": "Sostituzione di esistente" }, "geometry": { "type": "LineString", "coordinates": [ [ 663427.564859184902161, 5103855.323281251825392 ], [ 663430.410839347168803, 5103853.034123294986784 ] ] } },
{ "type": "Feature", "properties": { "id": 554, "zona": "S. GIUSEPPE - 1S. CHIARA", "tipologia": "Verona 90", "n_posti": 6, "fumetto": null, "anno": 2026, "nr_moduli": 1, "tot_bici": 6, "foto": "554.JPG", "codice_via": 3350, "civico": 49, "barra": null, "edificio": null, "Tipo_generale": "Rastr_bloccatelaio", "categoria": null, "provenienza": "Sostituzione di esistente" }, "geometry": { "type": "LineString", "coordinates": [ [ 664355.172524956986308, 5103026.996051620692015 ], [ 664357.722277090069838, 5103028.658933446742594 ] ] } },
{ "type": "Feature", "properties": { "id": 555, "zona": "S. GIUSEPPE - S. CHIARA", "tipologia": "Verona 90", "n_posti": 6, "fumetto": null, "anno": 2026, "nr_moduli": 1, "tot_bici": 6, "foto": "555.JPG", "codice_via": 3350, "civico": 49, "barra": null, "edificio": null, "Tipo_generale": "Rastr_bloccatelaio", "categoria": null, "provenienza": "Nuova posizione" }, "geometry": { "type": "LineString", "coordinates": [ [ 664354.230225256062113, 5103028.520359961315989 ], [ 664356.890836177510209, 5103030.183241787366569 ] ] } },
{ "type": "Feature", "properties": { "id": 560, "zona": "ZTL", "tipologia": "Verona 90", "n_posti": 5, "fumetto": null, "anno": 2026, "nr_moduli": 7, "tot_bici": 35, "foto": "560.JPG", "codice_via": 3440, "civico": 26, "barra": null, "edificio": "FACOLTA' SOCIOLOGIA", "Tipo_generale": "Rastr_bloccatelaio", "categoria": "SCUOLA", "provenienza": "Sostituzione di esistente" }, "geometry": { "type": "LineString", "coordinates": [ [ 663897.216742481221445, 5103630.475108473561704 ], [ 663922.02142998110503, 5103634.443858473561704 ] ] } },
{ "type": "Feature", "properties": { "id": 561, "zona": "ZTL", "tipologia": "Verona 90", "n_posti": 5, "fumetto": null, "anno": 2026, "nr_moduli": 5, "tot_bici": 25, "foto": "561.JPG", "codice_via": 3440, "civico": 26, "barra": null, "edificio": "FACOLTA' SOCIOLOGIA", "Tipo_generale": "Rastr_bloccatelaio", "categoria": "SCUOLA", "provenienza": "Sostituzione di esistente" }, "geometry": { "type": "LineString", "coordinates": [ [ 663943.188096647732891, 5103637.751150140538812 ], [ 663968.984971647732891, 5103642.381358473561704 ] ] } },
{ "type": "Feature", "properties": { "id": 562, "zona": "ARGENTARIO", "tipologia": "Archetto", "n_posti": 2, "fumetto": null, "anno": 2026, "nr_moduli": 3, "tot_bici": 6, "foto": "562.JPG", "codice_via": 6250, "civico": null, "barra": null, "edificio": "SCUOLA PRIMARIA MARTIGNANO", "Tipo_generale": "Rastr_bloccatelaio", "categoria": "SCUOLA", "provenienza": "Nuova posizione" }, "geometry": { "type": "LineString", "coordinates": [ [ 664797.56191254267469, 5106350.861484215594828 ], [ 664799.557976109208539, 5106350.723824659362435 ] ] } },
{ "type": "Feature", "properties": { "id": 457, "zona": "CENTRO STORICO-PIEDICASTELLO", "tipologia": "Archetto", "n_posti": 2, "fumetto": null, "anno": 2024, "nr_moduli": 6, "tot_bici": 12, "foto": "457.JPG", "codice_via": 1990, "civico": 33, "barra": null, "edificio": null, "Tipo_generale": "Rastr_bloccatelaio", "categoria": null, "provenienza": "Nuova posizione" }, "geometry": { "type": "LineString", "coordinates": [ [ 664374.800416647922248, 5104235.473333385773003 ], [ 664375.488333315239288, 5104233.039166715927422 ] ] } },
{ "type": "Feature", "properties": { "id": 458, "zona": "CENTRO STORICO-PIEDICASTELLO", "tipologia": "Archetto", "n_posti": 2, "fumetto": null, "anno": 2024, "nr_moduli": 10, "tot_bici": 20, "foto": "458.JPG", "codice_via": 2000, "civico": 1, "barra": null, "edificio": null, "Tipo_generale": "Rastr_bloccatelaio", "categoria": null, "provenienza": "Nuova posizione" }, "geometry": { "type": "LineString", "coordinates": [ [ 664410.711250013206154, 5104118.821666688658297 ], [ 664410.605416679754853, 5104115.540833352133632 ] ] } },
{ "type": "Feature", "properties": { "id": 21, "zona": "ZTL", "tipologia": "Verona 90", "n_posti": 6, "fumetto": "VIA DELLA ROGGIA GRANDE - nr. posti 12", "anno": 2022, "nr_moduli": 2, "tot_bici": 12, "foto": "21.jpg", "codice_via": 2620, "civico": 9, "barra": null, "edificio": null, "Tipo_generale": "Rastr_bloccatelaio", "categoria": null, "provenienza": "Esistente al 2023" }, "geometry": { "type": "LineString", "coordinates": [ [ 664319.021183667704463, 5103779.369415447115898 ], [ 664318.514048521174118, 5103773.672990428283811 ] ] } },
{ "type": "Feature", "properties": { "id": 23, "zona": "ZTL", "tipologia": "Metallo 3 posti", "n_posti": 3, "fumetto": "PIAZZA DELLE ERBE - nr. posti 18", "anno": 2022, "nr_moduli": 6, "tot_bici": 18, "foto": "23.jpg", "codice_via": 1070, "civico": 1, "barra": null, "edificio": null, "Tipo_generale": "Rastr_tradizionale", "categoria": null, "provenienza": "Esistente al 2023" }, "geometry": { "type": "LineString", "coordinates": [ [ 664244.826249842881225, 5103736.238541612401605 ], [ 664245.46124984358903, 5103728.301041604951024 ] ] } },
{ "type": "Feature", "properties": { "id": 24, "zona": "ZTL", "tipologia": "Metallo 5 posti", "n_posti": 5, "fumetto": "P.ZZA ALESSANDRO VITTORIA - nr. posti 5", "anno": 2022, "nr_moduli": 1, "tot_bici": 5, "foto": "24.jpg", "codice_via": 3490, "civico": 6, "barra": null, "edificio": null, "Tipo_generale": "Rastr_tradizionale", "categoria": null, "provenienza": "Esistente al 2023" }, "geometry": { "type": "LineString", "coordinates": [ [ 664225.974687324953265, 5103702.543854080140591 ], [ 664227.866458159987815, 5103702.768749913200736 ] ] } },
{ "type": "Feature", "properties": { "id": 82, "zona": "S. GIUSEPPE_S. CHIARA", "tipologia": "Bronzetti 5 posti", "n_posti": 5, "fumetto": null, "anno": 2022, "nr_moduli": 2, "tot_bici": 10, "foto": "82.jpg", "codice_via": 2880, "civico": 103, "barra": null, "edificio": "SCUOLA PRIMARIA \"D. SAVIO\"", "Tipo_generale": "Rastr_tradizionale", "categoria": "SCUOLA", "provenienza": "Esistente al 2023" }, "geometry": { "type": "LineString", "coordinates": [ [ 664066.783946264884435, 5102162.782690548337996 ], [ 664067.591025152127258, 5102157.987692453898489 ] ] } },
{ "type": "Feature", "properties": { "id": 20, "zona": "ZTL", "tipologia": "Metallo 4 posti", "n_posti": 4, "fumetto": "VIA G. GALILEI - nr. posti 12", "anno": 2022, "nr_moduli": 3, "tot_bici": 12, "foto": "20.jpg", "codice_via": 1200, "civico": 6, "barra": null, "edificio": null, "Tipo_generale": "Rastr_tradizionale", "categoria": null, "provenienza": "Sostituzione prevista nel 2026" }, "geometry": { "type": "LineString", "coordinates": [ [ 664367.736476668389514, 5103807.71519482601434 ], [ 664357.924356578267179, 5103814.251471877098083 ] ] } },
{ "type": "Feature", "properties": { "id": 557, "zona": "S. GIUSEPPE - S. CHIARA", "tipologia": "Archetto", "n_posti": 2, "fumetto": null, "anno": 2026, "nr_moduli": 3, "tot_bici": 6, "foto": "557.JPG", "codice_via": 210, "civico": null, "barra": null, "edificio": null, "Tipo_generale": "Rastr_bloccatelaio", "categoria": null, "provenienza": "Nuova posizione" }, "geometry": { "type": "LineString", "coordinates": [ [ 664672.870497047435492, 5103426.444862206466496 ], [ 664676.528538385988213, 5103425.225515093654394 ] ] } },
{ "type": "Feature", "properties": { "id": 558, "zona": "CENTYRO STORICO - PIEDICASTELLO", "tipologia": "Verona 90", "n_posti": 6, "fumetto": null, "anno": 2026, "nr_moduli": 1, "tot_bici": 6, "foto": "558.JPG", "codice_via": 2860, "civico": 45, "barra": null, "edificio": null, "Tipo_generale": "Rastr_bloccatelaio", "categoria": null, "provenienza": "Sostituzione di esistente" }, "geometry": { "type": "LineString", "coordinates": [ [ 664290.153097377042286, 5103932.429654222913086 ], [ 664292.11170744523406, 5103932.429654222913086 ] ] } },
{ "type": "Feature", "properties": { "id": 556, "zona": "OLTREFERSINA", "tipologia": "Archetto", "n_posti": 2, "fumetto": null, "anno": 2026, "nr_moduli": 3, "tot_bici": 6, "foto": "556.JPG", "codice_via": 4097, "civico": null, "barra": null, "edificio": "PARCO", "Tipo_generale": "Rastr_bloccatelaio", "categoria": null, "provenienza": "Nuova posizione" }, "geometry": { "type": "LineString", "coordinates": [ [ 664733.044869793578982, 5100450.02773436717689 ], [ 664733.375598960323259, 5100453.417708326131105 ] ] } },
{ "type": "Feature", "properties": { "id": 559, "zona": "OLTREFERSINA", "tipologia": "Archetto", "n_posti": 2, "fumetto": null, "anno": 2026, "nr_moduli": 4, "tot_bici": 8, "foto": "559.JPG", "codice_via": 4097, "civico": null, "barra": null, "edificio": "PARCO", "Tipo_generale": "Rastr_bloccatelaio", "categoria": null, "provenienza": "Nuova posizione" }, "geometry": { "type": "LineString", "coordinates": [ [ 664691.082497687428258, 5100577.580316813662648 ], [ 664691.082497687428258, 5100585.517816813662648 ] ] } },
{ "type": "Feature", "properties": { "id": 90, "zona": "CENTRO STORICO_PIEDICASTELLO", "tipologia": "Rosmini", "n_posti": 6, "fumetto": null, "anno": 2022, "nr_moduli": 4, "tot_bici": 24, "foto": "90.jpg", "codice_via": 2670, "civico": 29, "barra": null, "edificio": "FACOLTA' GIURISPRUDENZA", "Tipo_generale": "Rastr_tradizionale", "categoria": "SCUOLA", "provenienza": "Sostituzione prevista nel 2027" }, "geometry": { "type": "LineString", "coordinates": [ [ 663885.046954967547208, 5103679.32502369582653 ], [ 663887.642490081838332, 5103665.117884122766554 ] ] } },
{ "type": "Feature", "properties": { "id": 176, "zona": "CENTRO STORICO_PIEDICASTELLO", "tipologia": "Gar 6 posti", "n_posti": 6, "fumetto": null, "anno": 2022, "nr_moduli": 1, "tot_bici": 6, "foto": "176.jpg", "codice_via": 1220, "civico": 14, "barra": null, "edificio": "FACOLTA' LETTERE", "Tipo_generale": "Rastr_bloccatelaio", "categoria": "SCUOLA", "provenienza": "Sostituzione prevista nel 2026" }, "geometry": { "type": "LineString", "coordinates": [ [ 663741.89704347634688, 5103709.522354372777045 ], [ 663742.369365182239562, 5103706.407383503392339 ] ] } },
{ "type": "Feature", "properties": { "id": 59, "zona": "CENTRO STORICO_PIEDICASTELLO", "tipologia": "Metallo 4 posti", "n_posti": 4, "fumetto": "VIA A. MANZONI - nr. posti 12", "anno": 2022, "nr_moduli": 3, "tot_bici": 12, "foto": "59.jpg", "codice_via": 1730, "civico": 73, "barra": null, "edificio": null, "Tipo_generale": "Rastr_tradizionale", "categoria": null, "provenienza": "Sostituzione prevista nel 2026" }, "geometry": { "type": "LineString", "coordinates": [ [ 664321.543980797054246, 5104504.472203471697867 ], [ 664322.0202307975851, 5104496.905120130628347 ] ] } },
{ "type": "Feature", "properties": { "id": 58, "zona": "CENTRO STORICO_PIEDICASTELLO", "tipologia": "Metallo 4 posti", "n_posti": 4, "fumetto": "PIAZZA DI CENTA - nr. posti 8", "anno": 2022, "nr_moduli": 2, "tot_bici": 8, "foto": "58.jpg", "codice_via": 700, "civico": 12, "barra": null, "edificio": null, "Tipo_generale": "Rastr_tradizionale", "categoria": null, "provenienza": "Sostituzione prevista nel 2027" }, "geometry": { "type": "LineString", "coordinates": [ [ 664229.427570369327441, 5104696.480707490816712 ], [ 664231.610105791245587, 5104694.928682302124798 ] ] } },
{ "type": "Feature", "properties": { "id": 60, "zona": "CENTRO STORICO_PIEDICASTELLO", "tipologia": "Rotonda 6 posti", "n_posti": 6, "fumetto": "VIA DEL BRENNERO - nr. posti 6", "anno": 2022, "nr_moduli": 1, "tot_bici": 6, "foto": "60.jpg", "codice_via": 400, "civico": 312, "barra": null, "edificio": "UFFICI COMUNALI TOP CENTER", "Tipo_generale": "Rastr_tradizionale", "categoria": null, "provenienza": "Esistente al 2023" }, "geometry": { "type": "LineString", "coordinates": [ [ 663705.512305381591432, 5106312.010848736390471 ], [ 663706.041472048731521, 5106310.555640401318669 ] ] } },
{ "type": "Feature", "properties": { "id": 144, "zona": "S. GIUSEPPE_S. CHIARA", "tipologia": "Metallo 4 posti", "n_posti": 4, "fumetto": null, "anno": 2022, "nr_moduli": 1, "tot_bici": 4, "foto": "144.jpg", "codice_via": 2450, "civico": 1, "barra": null, "edificio": null, "Tipo_generale": "Rastr_tradizionale", "categoria": null, "provenienza": "Sostituzione prevista nel 2027" }, "geometry": { "type": "LineString", "coordinates": [ [ 664511.802926245611161, 5103589.724573154933751 ], [ 664509.25360536784865, 5103590.705081184394658 ] ] } },
{ "type": "Feature", "properties": { "id": 459, "zona": "GARDOLO", "tipologia": "Archetto", "n_posti": 2, "fumetto": null, "anno": 2024, "nr_moduli": 6, "tot_bici": 12, "foto": "459.JPG", "codice_via": 5290, "civico": null, "barra": null, "edificio": "SCUOLA SECONDARIA \"PEDROLLI\"", "Tipo_generale": "Rastr_bloccatelaio", "categoria": "SCUOLA", "provenienza": "Nuova posizione" }, "geometry": { "type": "LineString", "coordinates": [ [ 663311.749125206260942, 5107791.384824526496232 ], [ 663317.596416879678145, 5107792.046282860450447 ] ] } },
{ "type": "Feature", "properties": { "id": 275, "zona": "S. GIUSEPPE_S. CHIARA", "tipologia": "Metallo 4 posti", "n_posti": 4, "fumetto": null, "anno": 2022, "nr_moduli": 2, "tot_bici": 8, "foto": "275.jpg", "codice_via": 2730, "civico": 6, "barra": null, "edificio": null, "Tipo_generale": "Rastr_tradizionale", "categoria": null, "provenienza": "Sostituzione prevista nel 2026" }, "geometry": { "type": "LineString", "coordinates": [ [ 664655.639131743460894, 5103383.604779552668333 ], [ 664660.420380638213828, 5103382.58022621832788 ] ] } },
{ "type": "Feature", "properties": { "id": 278, "zona": "S. GIUSEPPE_S. CHIARA", "tipologia": "Metallo 4 posti", "n_posti": 4, "fumetto": null, "anno": 2022, "nr_moduli": 2, "tot_bici": 8, "foto": "278.jpg", "codice_via": 3360, "civico": 1, "barra": null, "edificio": null, "Tipo_generale": "Rastr_tradizionale", "categoria": null, "provenienza": "Sostituzione prevista nel 2027" }, "geometry": { "type": "LineString", "coordinates": [ [ 664928.667211788939312, 5103227.344255303032696 ], [ 664929.75093193538487, 5103227.486850059591234 ], [ 664930.834652081830427, 5103228.11426698602736 ] ] } },
{ "type": "Feature", "properties": { "id": 473, "zona": "S. GIUSEPPE - S.CHIARA", "tipologia": "Archetto", "n_posti": 2, "fumetto": null, "anno": 2024, "nr_moduli": 5, "tot_bici": 10, "foto": "473.JPG", "codice_via": 450, "civico": 4, "barra": null, "edificio": null, "Tipo_generale": "Rastr_bloccatelaio", "categoria": null, "provenienza": "Sostituzione di esistente" }, "geometry": { "type": "LineString", "coordinates": [ [ 664659.626313713612035, 5103674.51532918587327 ], [ 664657.426397148054093, 5103668.243226637132466 ] ] } },
{ "type": "Feature", "properties": { "id": 474, "zona": "S. GIUSEPPE - S.CHIARA", "tipologia": "Archetto", "n_posti": 2, "fumetto": null, "anno": 2024, "nr_moduli": 12, "tot_bici": 24, "foto": "474.JPG", "codice_via": 1400, "civico": 36, "barra": null, "edificio": null, "Tipo_generale": "Rastr_bloccatelaio", "categoria": null, "provenienza": "Nuova posizione" }, "geometry": { "type": "LineString", "coordinates": [ [ 664683.919009405071847, 5103671.238857705146074 ], [ 664693.280356492381543, 5103665.809276394546032 ] ] } },
{ "type": "Feature", "properties": { "id": 246, "zona": "GARDOLO", "tipologia": "Metallo 5 posti", "n_posti": 5, "fumetto": null, "anno": 2022, "nr_moduli": 1, "tot_bici": 5, "foto": "246.jpg", "codice_via": 5260, "civico": 34, "barra": null, "edificio": "BOCCIODROMO", "Tipo_generale": "Rastr_tradizionale", "categoria": null, "provenienza": "Esistente al 2023" }, "geometry": { "type": "LineString", "coordinates": [ [ 663084.223645746242255, 5107225.091873907484114 ], [ 663084.620520746684633, 5107223.716040573082864 ] ] } },
{ "type": "Feature", "properties": { "id": 247, "zona": "GARDOLO", "tipologia": "Metallo 5 posti", "n_posti": 5, "fumetto": null, "anno": 2022, "nr_moduli": 1, "tot_bici": 5, "foto": "247.jpg", "codice_via": 5260, "civico": 34, "barra": null, "edificio": "BOCCIODROMO", "Tipo_generale": "Rastr_tradizionale", "categoria": null, "provenienza": "Esistente al 2023" }, "geometry": { "type": "LineString", "coordinates": [ [ 663082.556770744500682, 5107232.658957248553634 ], [ 663082.95364574494306, 5107231.283123914152384 ] ] } },
{ "type": "Feature", "properties": { "id": 256, "zona": "S. GIUSEPPE_S. CHIARA", "tipologia": "Rotonda 7 posti", "n_posti": 7, "fumetto": null, "anno": 2022, "nr_moduli": 1, "tot_bici": 7, "foto": "256.jpg", "codice_via": 2950, "civico": 65, "barra": null, "edificio": "AUDITORIUM \"S. CHIARA\"", "Tipo_generale": "Rastr_tradizionale", "categoria": null, "provenienza": "Esistente al 2023" }, "geometry": { "type": "LineString", "coordinates": [ [ 664291.079634699621238, 5103291.53151104785502 ], [ 664291.926301367231645, 5103293.119011050090194 ] ] } },
{ "type": "Feature", "properties": { "id": 262, "zona": "S. GIUSEPPE_S. CHIARA", "tipologia": "Rotonda 6 posti", "n_posti": 6, "fumetto": null, "anno": 2022, "nr_moduli": 1, "tot_bici": 6, "foto": "262.jpg", "codice_via": 2950, "civico": 67, "barra": null, "edificio": "AUDITORIUM \"S. CHIARA\"", "Tipo_generale": "Rastr_tradizionale", "categoria": null, "provenienza": "Esistente al 2023" }, "geometry": { "type": "LineString", "coordinates": [ [ 664306.584218049189076, 5103269.332969352602959 ], [ 664306.901718049542978, 5103267.692552683874965 ] ] } },
{ "type": "Feature", "properties": { "id": 25, "zona": "ZTL", "tipologia": "Metallo 4 posti", "n_posti": 4, "fumetto": "VIA CALEPINA - nr. posti 60", "anno": 2022, "nr_moduli": 15, "tot_bici": 60, "foto": "25.jpg", "codice_via": 530, "civico": 13, "barra": null, "edificio": "CAMERA DI COMMERCIO", "Tipo_generale": "Rastr_tradizionale", "categoria": null, "provenienza": "Sostituzione prevista nel 2026" }, "geometry": { "type": "LineString", "coordinates": [ [ 664181.097788782906719, 5103673.751261138357222 ], [ 664205.125729606836103, 5103679.07218402903527 ] ] } },
{ "type": "Feature", "properties": { "id": 461, "zona": "CENTRO STORICO-PIEDICASTELLO", "tipologia": "Archetto", "n_posti": 2, "fumetto": null, "anno": 2024, "nr_moduli": 8, "tot_bici": 16, "foto": "461.JPG", "codice_via": 3511, "civico": null, "barra": null, "edificio": null, "Tipo_generale": "Rastr_bloccatelaio", "categoria": null, "provenienza": "Nuova posizione" }, "geometry": { "type": "LineString", "coordinates": [ [ 663773.925200112396851, 5105150.107967235147953 ], [ 663777.697693271678872, 5105144.007765531539917 ] ] } },
{ "type": "Feature", "properties": { "id": 476, "zona": "CENTRO STORICO-PIEDICASTELLO", "tipologia": "Archetto", "n_posti": 2, "fumetto": null, "anno": 2024, "nr_moduli": 5, "tot_bici": 10, "foto": "476.JPG", "codice_via": 1970, "civico": 11, "barra": null, "edificio": null, "Tipo_generale": "Rastr_bloccatelaio", "categoria": null, "provenienza": "Nuova posizione" }, "geometry": { "type": "LineString", "coordinates": [ [ 663788.431041657924652, 5104828.503124959766865 ], [ 663786.711249989457428, 5104822.153124952688813 ] ] } },
{ "type": "Feature", "properties": { "id": 477, "zona": "CENTRO STORICO-PIEDICASTELLO", "tipologia": "Archetto", "n_posti": 2, "fumetto": null, "anno": 2024, "nr_moduli": 5, "tot_bici": 10, "foto": "477.JPG", "codice_via": 500, "civico": 2, "barra": null, "edificio": null, "Tipo_generale": "Rastr_bloccatelaio", "categoria": null, "provenienza": "Nuova posizione" }, "geometry": { "type": "LineString", "coordinates": [ [ 663711.437291577807628, 5104269.504686880856752 ], [ 663716.13364574930165, 5104267.851041045039892 ] ] } },
{ "type": "Feature", "properties": { "id": 487, "zona": "CENTRO STORICO-PIEDICASTELLO", "tipologia": "Archetto", "n_posti": 2, "fumetto": null, "anno": 2024, "nr_moduli": 4, "tot_bici": 8, "foto": "487.JPG", "codice_via": 4056, "civico": null, "barra": null, "edificio": null, "Tipo_generale": "Rastr_bloccatelaio", "categoria": null, "provenienza": "Nuova posizione" }, "geometry": { "type": "LineString", "coordinates": [ [ 664174.40541664941702, 5104696.56208336353302 ], [ 664173.717499981983565, 5104695.133333361707628 ] ] } },
{ "type": "Feature", "properties": { "id": 274, "zona": "ZTL", "tipologia": "Metallo 4 posti", "n_posti": 4, "fumetto": null, "anno": 2022, "nr_moduli": 1, "tot_bici": 4, "foto": "274.jpg", "codice_via": 3490, "civico": 6, "barra": null, "edificio": null, "Tipo_generale": "Rastr_tradizionale", "categoria": null, "provenienza": "Esistente al 2023" }, "geometry": { "type": "LineString", "coordinates": [ [ 664233.958334788447246, 5103690.631796426139772 ], [ 664236.861620955867693, 5103691.129502626135945 ] ] } },
{ "type": "Feature", "properties": { "id": 280, "zona": "S. GIUSEPPE_S. CHIARA", "tipologia": "Bronzetti 5 posti", "n_posti": 5, "fumetto": null, "anno": 2022, "nr_moduli": 2, "tot_bici": 10, "foto": "280.jpg", "codice_via": 2290, "civico": 1, "barra": null, "edificio": "CONSERVATORIO MUSICA \"F.A. BONPORTI\"", "Tipo_generale": "Rastr_tradizionale", "categoria": "SCUOLA", "provenienza": "Esistente al 2023" }, "geometry": { "type": "LineString", "coordinates": [ [ 664321.838204701431096, 5103435.069745539687574 ], [ 664321.886779953259975, 5103436.089825829491019 ] ] } },
{ "type": "Feature", "properties": { "id": 301, "zona": "S. GIUSEPPE_S. CHIARA", "tipologia": "Bronzetti 7 posti", "n_posti": 7, "fumetto": null, "anno": 2022, "nr_moduli": 3, "tot_bici": 21, "foto": "301.jpg", "codice_via": 3510, "civico": 61, "barra": null, "edificio": "SCUOLA SECONDARIA \"BRONZETTI-SEGANTINI\"", "Tipo_generale": "Rastr_tradizionale", "categoria": "SCUOLA", "provenienza": "Esistente al 2023" }, "geometry": { "type": "LineString", "coordinates": [ [ 664325.38618225348182, 5102785.385327279567719 ], [ 664322.706199886044487, 5102784.288970856927335 ] ] } },
{ "type": "Feature", "properties": { "id": 302, "zona": "S. GIUSEPPE_S. CHIARA", "tipologia": "Bronzetti 7 posti", "n_posti": 7, "fumetto": null, "anno": 2022, "nr_moduli": 1, "tot_bici": 7, "foto": "302.jpg", "codice_via": 3510, "civico": 61, "barra": null, "edificio": "SCUOLA SECONDARIA \"BRONZETTI-SEGANTINI\"", "Tipo_generale": "Rastr_tradizionale", "categoria": "SCUOLA", "provenienza": "Esistente al 2023" }, "geometry": { "type": "LineString", "coordinates": [ [ 664322.46256512531545, 5102784.126547683030367 ], [ 664321.203785528545268, 5102783.598672368563712 ] ] } },
{ "type": "Feature", "properties": { "id": 307, "zona": "S. GIUSEPPE_S. CHIARA", "tipologia": "Con gancio 7 posti", "n_posti": 7, "fumetto": null, "anno": 2022, "nr_moduli": 2, "tot_bici": 14, "foto": "307.jpg", "codice_via": 3822, "civico": 3, "barra": null, "edificio": "UFFICI COMUNALI MASO SMALZ", "Tipo_generale": "Rastr_bloccatelaio", "categoria": null, "provenienza": "Esistente al 2023" }, "geometry": { "type": "LineString", "coordinates": [ [ 663705.944803224061616, 5102135.895661097951233 ], [ 663710.167805742588826, 5102137.925950770266354 ] ] } },
{ "type": "Feature", "properties": { "id": 308, "zona": "S. GIUSEPPE_S. CHIARA", "tipologia": "Androna", "n_posti": 4, "fumetto": null, "anno": 2022, "nr_moduli": 1, "tot_bici": 4, "foto": "308.jpg", "codice_via": 3822, "civico": 3, "barra": null, "edificio": "UFFICI COMUNALI MASO SMALZ", "Tipo_generale": "Rastr_tradizionale", "categoria": null, "provenienza": "Esistente al 2023" }, "geometry": { "type": "LineString", "coordinates": [ [ 663705.863591637229547, 5102135.65202633664012 ], [ 663703.508455617236905, 5102135.002333641983569 ] ] } },
{ "type": "Feature", "properties": { "id": 309, "zona": "OLTREFERSINA", "tipologia": "Archetto", "n_posti": 2, "fumetto": null, "anno": 2022, "nr_moduli": 8, "tot_bici": 16, "foto": "309.jpg", "codice_via": 1160, "civico": 2, "barra": null, "edificio": "SCUOLA PRIMARIA \"A. NICOLODI\"", "Tipo_generale": "Rastr_bloccatelaio", "categoria": "SCUOLA", "provenienza": "Esistente al 2023" }, "geometry": { "type": "LineString", "coordinates": [ [ 664735.220455510658212, 5102450.834195070900023 ], [ 664742.854344678693451, 5102453.108119504526258 ] ] } },
{ "type": "Feature", "properties": { "id": 522, "zona": "CENTRO STORICO-PIEDICASTELLO", "tipologia": "Archetto", "n_posti": 2, "fumetto": null, "anno": 2025, "nr_moduli": 15, "tot_bici": 30, "foto": "522.JPG", "codice_via": 3390, "civico": 3, "barra": null, "edificio": "SCUOLA PRIMARIA \"LA VELA\"", "Tipo_generale": "Rastr_bloccatelaio", "categoria": "SCUOLA", "provenienza": "Nuova posizione" }, "geometry": { "type": "LineString", "coordinates": [ [ 662476.054184027947485, 5105239.913854166865349 ], [ 662486.070381944882683, 5105244.258229167200625 ] ] } },
{ "type": "Feature", "properties": { "id": 254, "zona": "S. GIUSEPPE_S. CHIARA", "tipologia": "Metallo 5 posti", "n_posti": 9, "fumetto": null, "anno": 2022, "nr_moduli": 3, "tot_bici": 27, "foto": "254.jpg", "codice_via": 3350, "civico": 79, "barra": null, "edificio": null, "Tipo_generale": "Rastr_tradizionale", "categoria": null, "provenienza": "Sostituzione prevista nel 2026" }, "geometry": { "type": "LineString", "coordinates": [ [ 664260.282134666340426, 5103276.767761033959687 ], [ 664260.917134667048231, 5103272.481511029414833 ] ] } },
{ "type": "Feature", "properties": { "id": 527, "zona": "OLTREFERSINA", "tipologia": "Archetto", "n_posti": 2, "fumetto": null, "anno": 2025, "nr_moduli": 7, "tot_bici": 14, "foto": "527.JPG", "codice_via": 1120, "civico": null, "barra": null, "edificio": "PALAZZETTO DELLO SPORT \"BLM GROUP ARENA\"", "Tipo_generale": "Rastr_bloccatelaio", "categoria": null, "provenienza": "Nuova posizione" }, "geometry": { "type": "LineString", "coordinates": [ [ 664293.741101066814736, 5100892.100668745115399 ], [ 664293.55541666795034, 5100885.51536457426846 ] ] } },
{ "type": "Feature", "properties": { "id": 511, "zona": "CENTRO STORICO_PIEDICASTELLO", "tipologia": "Archetto", "n_posti": 2, "fumetto": null, "anno": 2025, "nr_moduli": 5, "tot_bici": 10, "foto": "511.JPG", "codice_via": 3020, "civico": 23, "barra": "B", "edificio": "CENTRO SPORTIVO PIEDICASTELLO-VELA", "Tipo_generale": "Rastr_bloccatelaio", "categoria": "CENTRO SPORTIVO", "provenienza": "Nuova posizione" }, "geometry": { "type": "LineString", "coordinates": [ [ 663001.381769778905436, 5104592.954936823807657 ], [ 663001.254527577548288, 5104589.401943039149046 ] ] } },
{ "type": "Feature", "properties": { "id": 512, "zona": "OLTREFERSINA", "tipologia": "Archetto", "n_posti": 2, "fumetto": null, "anno": 2025, "nr_moduli": 10, "tot_bici": 20, "foto": "512.JPG", "codice_via": 3770, "civico": 7, "barra": null, "edificio": "TRENTINELLO", "Tipo_generale": "Rastr_bloccatelaio", "categoria": "CAMPO CALCIO", "provenienza": "Nuova posizione" }, "geometry": { "type": "LineString", "coordinates": [ [ 663580.803124999511056, 5101824.261374997906387 ], [ 663580.997687499504536, 5101816.089749998413026 ] ] } },
{ "type": "Feature", "properties": { "id": 513, "zona": "BONDONE", "tipologia": "Archetto", "n_posti": 2, "fumetto": null, "anno": 2025, "nr_moduli": 10, "tot_bici": 20, "foto": "513.JPG", "codice_via": 8023, "civico": 24, "barra": null, "edificio": "SOPRAMONTE", "Tipo_generale": "Rastr_bloccatelaio", "categoria": "CAMPO CALCIO", "provenienza": "Nuova posizione" }, "geometry": { "type": "LineString", "coordinates": [ [ 658868.223085644422099, 5103971.201069331727922 ], [ 658872.596083605196327, 5103965.388856852427125 ] ] } },
{ "type": "Feature", "properties": { "id": 514, "zona": "S. GIUSEPPE-S.CHIARA", "tipologia": "Archetto", "n_posti": 2, "fumetto": null, "anno": 2025, "nr_moduli": 6, "tot_bici": 12, "foto": "514.JPG", "codice_via": 4092, "civico": null, "barra": null, "edificio": "PALESTRA BOCCHI", "Tipo_generale": "Rastr_bloccatelaio", "categoria": "PALESTRA", "provenienza": "Nuova posizione" }, "geometry": { "type": "LineString", "coordinates": [ [ 664359.777265625074506, 5103305.042994790710509 ], [ 664362.05929687502794, 5103305.489479165524244 ] ] } },
{ "type": "Feature", "properties": { "id": 518, "zona": "OLTREFRSINA", "tipologia": "Archetto", "n_posti": 2, "fumetto": null, "anno": 2025, "nr_moduli": 3, "tot_bici": 6, "foto": "518.JPG", "codice_via": 4071, "civico": null, "barra": null, "edificio": null, "Tipo_generale": "Rastr_bloccatelaio", "categoria": null, "provenienza": "Nuova posizione" }, "geometry": { "type": "LineString", "coordinates": [ [ 664367.250416666734964, 5101890.667239579372108 ], [ 664367.382708333432674, 5101887.889114580117166 ] ] } },
{ "type": "Feature", "properties": { "id": 532, "zona": "ZTL", "tipologia": "Verona 90", "n_posti": 5, "fumetto": null, "anno": 2026, "nr_moduli": 6, "tot_bici": 30, "foto": "532.JPG", "codice_via": 1700, "civico": 2, "barra": null, "edificio": null, "Tipo_generale": "Rastr_bloccatelaio", "categoria": null, "provenienza": "Sostituzione di esistente" }, "geometry": { "type": "LineString", "coordinates": [ [ 664047.553302112268284, 5103978.439005086198449 ], [ 664076.255253749783151, 5103983.197877896018326 ] ] } },
{ "type": "Feature", "properties": { "id": 519, "zona": "OLTREFERSINA", "tipologia": "Archetto", "n_posti": 2, "fumetto": null, "anno": 2025, "nr_moduli": 4, "tot_bici": 8, "foto": "519.JPG", "codice_via": 4071, "civico": null, "barra": null, "edificio": null, "Tipo_generale": "Rastr_bloccatelaio", "categoria": null, "provenienza": "Nuova posizione" }, "geometry": { "type": "LineString", "coordinates": [ [ 664466.932187500176951, 5101929.296406242065132 ], [ 664468.255104166804813, 5101930.883906242437661 ] ] } },
{ "type": "Feature", "properties": { "id": 523, "zona": "ARGENTARIO", "tipologia": "Verona 90", "n_posti": 1, "fumetto": null, "anno": 2025, "nr_moduli": 6, "tot_bici": 6, "foto": "523.JPG", "codice_via": 6005, "civico": 13, "barra": null, "edificio": null, "Tipo_generale": "Rastr_bloccatelaio", "categoria": null, "provenienza": "Nuova posizione" }, "geometry": { "type": "LineString", "coordinates": [ [ 665610.02031250053551, 5104768.706354167312384 ], [ 665607.308333333930932, 5104769.500104167498648 ] ] } },
{ "type": "Feature", "properties": { "id": 524, "zona": "ARGENTARIO", "tipologia": "Verona 90", "n_posti": 1, "fumetto": null, "anno": 2025, "nr_moduli": 6, "tot_bici": 6, "foto": "524.JPG", "codice_via": 6005, "civico": 13, "barra": null, "edificio": null, "Tipo_generale": "Rastr_bloccatelaio", "categoria": null, "provenienza": "Nuova posizione" }, "geometry": { "type": "LineString", "coordinates": [ [ 665606.613802084000781, 5104769.698541667312384 ], [ 665603.637239584117197, 5104770.62458333466202 ] ] } },
{ "type": "Feature", "properties": { "id": 531, "zona": "ZTL", "tipologia": "Verona 90", "n_posti": 5, "fumetto": null, "anno": 2026, "nr_moduli": 4, "tot_bici": 20, "foto": "531.JPG", "codice_via": 1700, "civico": 6, "barra": null, "edificio": null, "Tipo_generale": "Rastr_bloccatelaio", "categoria": null, "provenienza": "Sostituzione di esistente" }, "geometry": { "type": "LineString", "coordinates": [ [ 664084.769174636690877, 5103984.870919118635356 ], [ 664097.707360089756548, 5103987.882393319159746 ], [ 664101.722659023595043, 5103988.663145889528096 ] ] } },
{ "type": "Feature", "properties": { "id": 533, "zona": "ZTL", "tipologia": "Verona 90", "n_posti": 5, "fumetto": null, "anno": 2026, "nr_moduli": 2, "tot_bici": 10, "foto": "533.JPG", "codice_via": 1700, "civico": 72, "barra": null, "edificio": null, "Tipo_generale": "Rastr_bloccatelaio", "categoria": null, "provenienza": "Sostituzione di esistente" }, "geometry": { "type": "LineString", "coordinates": [ [ 664255.753987564938143, 5104008.851176637224853 ], [ 664267.019131795619614, 5104012.978011652827263 ] ] } },
{ "type": "Feature", "properties": { "id": 528, "zona": "OLTREFERSINA", "tipologia": "Archetto", "n_posti": 2, "fumetto": null, "anno": 2025, "nr_moduli": 6, "tot_bici": 12, "foto": "528.JPG", "codice_via": 3250, "civico": null, "barra": null, "edificio": "CAMPO CALCIO SAN BARTOLOMEO", "Tipo_generale": "Rastr_bloccatelaio", "categoria": null, "provenienza": "Nuova posizione" }, "geometry": { "type": "LineString", "coordinates": [ [ 665059.370520833064802, 5101977.307291666045785 ], [ 665059.304374999715947, 5101974.264583333395422 ] ] } },
{ "type": "Feature", "properties": { "id": 529, "zona": "BONDONE", "tipologia": "Archetto", "n_posti": 2, "fumetto": null, "anno": 2025, "nr_moduli": 6, "tot_bici": 12, "foto": "529.JPG", "codice_via": 8023, "civico": null, "barra": null, "edificio": "CENTRO SPORTIVO SOPRAMONTE", "Tipo_generale": "Rastr_bloccatelaio", "categoria": null, "provenienza": "Nuova posizione" }, "geometry": { "type": "LineString", "coordinates": [ [ 658954.371700430638157, 5103827.450275858864188 ], [ 658959.366198275471106, 5103827.406939652748406 ] ] } },
{ "type": "Feature", "properties": { "id": 530, "zona": "OLTREFERSINA", "tipologia": "Archetto", "n_posti": 2, "fumetto": null, "anno": 2025, "nr_moduli": 8, "tot_bici": 16, "foto": "530.JPG", "codice_via": 1120, "civico": null, "barra": null, "edificio": "CAMPO BASEBALL", "Tipo_generale": "Rastr_bloccatelaio", "categoria": null, "provenienza": "Nuova posizione" }, "geometry": { "type": "LineString", "coordinates": [ [ 664230.198609128477983, 5101050.527425428852439 ], [ 664233.511161301517859, 5101042.82797983661294 ] ] } },
{ "type": "Feature", "properties": { "id": 475, "zona": "OLTREFERSINA", "tipologia": "Archetto", "n_posti": 2, "fumetto": null, "anno": 2024, "nr_moduli": 5, "tot_bici": 10, "foto": "475.jpg", "codice_via": 1120, "civico": 17, "barra": null, "edificio": null, "Tipo_generale": "Rastr_bloccatelaio", "categoria": "CAMPO SPORTIVO", "provenienza": "Nuova posizione" }, "geometry": { "type": "LineString", "coordinates": [ [ 664066.146038648788817, 5101061.237084098160267 ], [ 664066.055288648814894, 5101057.561709098517895 ] ] } },
{ "type": "Feature", "properties": { "id": 71, "zona": "GARDOLO", "tipologia": "Archetto", "n_posti": 2, "fumetto": "PARCO DI MELTA - nr. posti 20", "anno": 2023, "nr_moduli": 5, "tot_bici": 10, "foto": "71.jpg", "codice_via": 5903, "civico": null, "barra": null, "edificio": null, "Tipo_generale": "Rastr_bloccatelaio", "categoria": null, "provenienza": "Esistente al 2023" }, "geometry": { "type": "LineString", "coordinates": [ [ 663791.342275791801512, 5107059.538446907885373 ], [ 663791.342275791801512, 5107059.538446907885373 ], [ 663793.904856575187296, 5107064.956620683893561 ], [ 663793.904856575187296, 5107064.956620683893561 ] ] } },
{ "type": "Feature", "properties": { "id": 322, "zona": "OLTREFERSINA", "tipologia": "A pavimento 5 posti", "n_posti": 5, "fumetto": null, "anno": 2022, "nr_moduli": 1, "tot_bici": 5, "foto": "322.jpg", "codice_via": 1120, "civico": 1, "barra": null, "edificio": "PALAZZETTO DELLO SPORT \"BLM GROUP ARENA\"", "Tipo_generale": "Rastr_tradizionale", "categoria": null, "provenienza": "Esistente al 2023" }, "geometry": { "type": "LineString", "coordinates": [ [ 664291.603117342106998, 5100754.283775919117033 ], [ 664291.563798230024986, 5100756.131774188019335 ] ] } },
{ "type": "Feature", "properties": { "id": 414, "zona": "MATTARELLO", "tipologia": "Bronzetti 7 posti", "n_posti": 7, "fumetto": null, "anno": 2023, "nr_moduli": 1, "tot_bici": 7, "foto": "414.JPG", "codice_via": 7901, "civico": null, "barra": null, "edificio": "PARCO MATTARELLO", "Tipo_generale": "Rastr_tradizionale", "categoria": null, "provenienza": "Esistente al 2023" }, "geometry": { "type": "LineString", "coordinates": [ [ 664887.0, 5097167.900000000372529 ], [ 664886.700000000069849, 5097166.900000000372529 ] ] } },
{ "type": "Feature", "properties": { "id": 501, "zona": "ARGENTARIO", "tipologia": "Bronzetti 7 posti", "n_posti": 7, "fumetto": null, "anno": 2025, "nr_moduli": 1, "tot_bici": 7, "foto": "501.JPG", "codice_via": 6450, "civico": 1, "barra": null, "edificio": null, "Tipo_generale": "Rastr_tradizionale", "categoria": null, "provenienza": "Esistente al 2023" }, "geometry": { "type": "LineString", "coordinates": [ [ 665703.425816456321627, 5108304.526229384355247 ], [ 665705.505010026041418, 5108307.098156809806824 ] ] } },
{ "type": "Feature", "properties": { "id": 321, "zona": "OLTREFERSINA", "tipologia": "Pietra 1 posto", "n_posti": 1, "fumetto": null, "anno": 2022, "nr_moduli": 12, "tot_bici": 12, "foto": "321.jpg", "codice_via": 1120, "civico": 11, "barra": null, "edificio": "PALAZZETTO DELLO SPORT \"BLM GROUP ARENA\"", "Tipo_generale": "Rastr_tradizionale", "categoria": null, "provenienza": "Esistente al 2023" }, "geometry": { "type": "LineString", "coordinates": [ [ 664297.673824060359038, 5100759.784312235191464 ], [ 664297.65437912021298, 5100755.694414732046425 ] ] } },
{ "type": "Feature", "properties": { "id": 516, "zona": "OLTREFERSINA", "tipologia": "A pavimento 5 posti", "n_posti": 5, "fumetto": null, "anno": 2025, "nr_moduli": 1, "tot_bici": 5, "foto": "516.jpg", "codice_via": 1120, "civico": 11, "barra": null, "edificio": "PALAZZETTO DELLO SPORT \"BLM GROUP ARENA\"", "Tipo_generale": "Rastr_tradizionale", "categoria": null, "provenienza": "Esistente al 2023" }, "geometry": { "type": "LineString", "coordinates": [ [ 664139.979442559648305, 5100783.832730579189956 ], [ 664139.113235232420266, 5100785.098092019557953 ] ] } },
{ "type": "Feature", "properties": { "id": 517, "zona": "OLTREFERSINA", "tipologia": "A pavimento 5 posti", "n_posti": 5, "fumetto": null, "anno": 2025, "nr_moduli": 1, "tot_bici": 5, "foto": "517.jpg", "codice_via": 1120, "civico": 11, "barra": null, "edificio": "PALAZZETTO DELLO SPORT \"BLM GROUP ARENA\"", "Tipo_generale": "Rastr_tradizionale", "categoria": null, "provenienza": "Esistente al 2023" }, "geometry": { "type": "LineString", "coordinates": [ [ 664142.95600505976472, 5100779.202522246167064 ], [ 664142.089797732536681, 5100780.46788368653506 ] ] } },
{ "type": "Feature", "properties": { "id": 525, "zona": "VILLAZZANO", "tipologia": "Metallo 4 posti", "n_posti": 4, "fumetto": null, "anno": 2025, "nr_moduli": 1, "tot_bici": 4, "foto": "525.JPG", "codice_via": 7190, "civico": null, "barra": null, "edificio": null, "Tipo_generale": "Rastr_tradizionale", "categoria": null, "provenienza": "Esistente al 2023" }, "geometry": { "type": "LineString", "coordinates": [ [ 665861.22944849554915, 5101788.602061342447996 ], [ 665862.640344328829087, 5101791.423853009939194 ] ] } },
{ "type": "Feature", "properties": { "id": 526, "zona": "VILLAZZANO", "tipologia": "Metallo 4 posti", "n_posti": 4, "fumetto": null, "anno": 2025, "nr_moduli": 1, "tot_bici": 4, "foto": "526.JPG", "codice_via": 7190, "civico": null, "barra": null, "edificio": null, "Tipo_generale": "Rastr_tradizionale", "categoria": null, "provenienza": "Esistente al 2023" }, "geometry": { "type": "LineString", "coordinates": [ [ 665863.62013310205657, 5101793.696962962858379 ], [ 665864.443155671469867, 5101796.283605324104428 ] ] } },
{ "type": "Feature", "properties": { "id": 515, "zona": "OLTREFERSINA", "tipologia": "Pietra 1 posto", "n_posti": 1, "fumetto": null, "anno": 2025, "nr_moduli": 18, "tot_bici": 18, "foto": "515.jpg", "codice_via": 1120, "civico": 11, "barra": null, "edificio": "PALAZZETTO DELLO SPORT \"BLM GROUP ARENA\"", "Tipo_generale": "Rastr_tradizionale", "categoria": null, "provenienza": "Esistente al 2023" }, "geometry": { "type": "LineString", "coordinates": [ [ 664128.792279457207769, 5100805.497410039417446 ], [ 664132.881344998022541, 5100805.412659320048988 ] ] } },
{ "type": "Feature", "properties": { "id": 549, "zona": "ZTL", "tipologia": "Verona 90", "n_posti": 5, "fumetto": null, "anno": 2025, "nr_moduli": 1, "tot_bici": 5, "foto": "549.JPG", "codice_via": 1550, "civico": 21, "barra": null, "edificio": null, "Tipo_generale": "Rastr_bloccatelaio", "categoria": null, "provenienza": "Sostituzione di esistente" }, "geometry": { "type": "LineString", "coordinates": [ [ 664219.289374999818392, 5103772.257499998435378 ], [ 664222.199791666469537, 5103772.786666665226221 ] ] } },
{ "type": "Feature", "properties": { "id": 551, "zona": "CENTRO STORICO-PIEDICASTELLO", "tipologia": "Verona 90", "n_posti": 6, "fumetto": null, "anno": 2026, "nr_moduli": 1, "tot_bici": 6, "foto": "551.JPG", "codice_via": 240, "civico": 19, "barra": null, "edificio": null, "Tipo_generale": "Rastr_bloccatelaio", "categoria": null, "provenienza": "Nuova posizione" }, "geometry": { "type": "LineString", "coordinates": [ [ 664056.954675501328893, 5103947.667008850723505 ], [ 664059.608472429681569, 5103947.718043407425284 ] ] } },
{ "type": "Feature", "properties": { "id": 534, "zona": "ZTL", "tipologia": "Verona 90", "n_posti": 5, "fumetto": null, "anno": 2026, "nr_moduli": 4, "tot_bici": 20, "foto": "534.JPG", "codice_via": 2640, "civico": 82, "barra": null, "edificio": "BIBLIOTECA", "Tipo_generale": "Rastr_bloccatelaio", "categoria": null, "provenienza": "Sostituzione di esistente" }, "geometry": { "type": "LineString", "coordinates": [ [ 664007.251597999595106, 5103969.813548111356795 ], [ 664024.539690630976111, 5103973.717310963198543 ] ] } },
{ "type": "Feature", "properties": { "id": 535, "zona": "ZTL", "tipologia": "Verona 90", "n_posti": 5, "fumetto": null, "anno": 2026, "nr_moduli": 2, "tot_bici": 10, "foto": "535.JPG", "codice_via": 240, "civico": 3, "barra": null, "edificio": "UFFICI COMUNALI PALAZZO THUN", "Tipo_generale": "Rastr_bloccatelaio", "categoria": null, "provenienza": "Sostituzione di esistente" }, "geometry": { "type": "LineString", "coordinates": [ [ 664069.098355187335983, 5103957.544579147361219 ], [ 664075.009767506388016, 5103958.158027595840394 ] ] } },
{ "type": "Feature", "properties": { "id": 536, "zona": "ZTL", "tipologia": "Verona 90", "n_posti": 5, "fumetto": null, "anno": 2026, "nr_moduli": 1, "tot_bici": 5, "foto": "536.JPG", "codice_via": 240, "civico": 3, "barra": null, "edificio": "UFFICI COMUNALI PALAZZO THUN", "Tipo_generale": "Rastr_bloccatelaio", "categoria": null, "provenienza": "Sostituzione di esistente" }, "geometry": { "type": "LineString", "coordinates": [ [ 664075.121303587919101, 5103956.261914210394025 ], [ 664075.232839669333771, 5103953.863888458348811 ] ] } },
{ "type": "Feature", "properties": { "id": 537, "zona": "ZTL", "tipologia": "Verona 90", "n_posti": 5, "fumetto": null, "anno": 2026, "nr_moduli": 2, "tot_bici": 10, "foto": "537.JPG", "codice_via": 1710, "civico": 61, "barra": null, "edificio": null, "Tipo_generale": "Rastr_bloccatelaio", "categoria": null, "provenienza": "Nuova posizione" }, "geometry": { "type": "LineString", "coordinates": [ [ 664285.190575850545429, 5103662.894629249349236 ], [ 664286.151223998749629, 5103657.89925887901336 ] ] } },
{ "type": "Feature", "properties": { "id": 538, "zona": "ZTL", "tipologia": "Verona 90", "n_posti": 5, "fumetto": null, "anno": 2026, "nr_moduli": 1, "tot_bici": 5, "foto": "538.JPG", "codice_via": 2590, "civico": 6, "barra": null, "edificio": null, "Tipo_generale": "Rastr_bloccatelaio", "categoria": null, "provenienza": "Sostituzione di esistente" }, "geometry": { "type": "LineString", "coordinates": [ [ 663967.409479166730307, 5103692.05375 ], [ 663972.171979166800156, 5103692.252187499776483 ] ] } },
{ "type": "Feature", "properties": { "id": 539, "zona": "ZTL", "tipologia": "Verona 90", "n_posti": 5, "fumetto": null, "anno": 2026, "nr_moduli": 1, "tot_bici": 5, "foto": "539.JPG", "codice_via": 820, "civico": 2, "barra": null, "edificio": null, "Tipo_generale": "Rastr_bloccatelaio", "categoria": null, "provenienza": "Sostituzione di esistente" }, "geometry": { "type": "LineString", "coordinates": [ [ 663960.055208333185874, 5103863.432291666045785 ], [ 663965.016145833185874, 5103864.358333333395422 ] ] } },
{ "type": "Feature", "properties": { "id": 540, "zona": "ZTL", "tipologia": "Verona 90", "n_posti": 5, "fumetto": null, "anno": 2026, "nr_moduli": 2, "tot_bici": 10, "foto": "540.JPG", "codice_via": 380, "civico": null, "barra": null, "edificio": null, "Tipo_generale": "Rastr_bloccatelaio", "categoria": null, "provenienza": "Sostituzione di esistente" }, "geometry": { "type": "LineString", "coordinates": [ [ 664240.364713541348465, 5103533.281901045702398 ], [ 664247.839192708022892, 5103533.744921878911555 ] ] } },
{ "type": "Feature", "properties": { "id": 541, "zona": "S. GIUSEPPE - S. CHIARA", "tipologia": "Verona 90", "n_posti": 5, "fumetto": null, "anno": 2026, "nr_moduli": 2, "tot_bici": 10, "foto": "541.JPG", "codice_via": 3320, "civico": 14, "barra": null, "edificio": "UFFICI COMUNALI", "Tipo_generale": "Rastr_bloccatelaio", "categoria": null, "provenienza": "Sostituzione di esistente" }, "geometry": { "type": "LineString", "coordinates": [ [ 664187.712630207883194, 5103466.342317710630596 ], [ 664196.377734374487773, 5103467.599088544026017 ] ] } },
{ "type": "Feature", "properties": { "id": 542, "zona": "S. GIUSEPPE - S. CHIARA", "tipologia": "Verona 90", "n_posti": 5, "fumetto": null, "anno": 2026, "nr_moduli": 1, "tot_bici": 5, "foto": "542.JPG", "codice_via": 1130, "civico": 17, "barra": null, "edificio": "UFFICI COMUNALI", "Tipo_generale": "Rastr_bloccatelaio", "categoria": null, "provenienza": "Sostituzione di esistente" }, "geometry": { "type": "LineString", "coordinates": [ [ 664199.883463541278616, 5103465.548567710444331 ], [ 664200.478776041301899, 5103461.513671876862645 ] ] } },
{ "type": "Feature", "properties": { "id": 543, "zona": "S. GIUSEPPE - S, CHIARA", "tipologia": "Verona 90", "n_posti": 5, "fumetto": null, "anno": 2026, "nr_moduli": 2, "tot_bici": 10, "foto": "543.JPG", "codice_via": 1130, "civico": 17, "barra": null, "edificio": "UFFICI COMUNALI", "Tipo_generale": "Rastr_bloccatelaio", "categoria": null, "provenienza": "Sostituzione di esistente" }, "geometry": { "type": "LineString", "coordinates": [ [ 664201.140234374674037, 5103456.817317710258067 ], [ 664203.058463541325182, 5103444.911067710258067 ] ] } },
{ "type": "Feature", "properties": { "id": 544, "zona": "ZTL", "tipologia": "Verona 90", "n_posti": 5, "fumetto": null, "anno": 2026, "nr_moduli": 2, "tot_bici": 10, "foto": "544.JPG", "codice_via": 3320, "civico": 6, "barra": null, "edificio": null, "Tipo_generale": "Rastr_bloccatelaio", "categoria": null, "provenienza": "Sostituzione di esistente" }, "geometry": { "type": "LineString", "coordinates": [ [ 664117.250781249022111, 5103496.124479170888662 ], [ 664122.707812499022111, 5103494.884244795888662 ] ] } },
{ "type": "Feature", "properties": { "id": 546, "zona": "ZTL", "tipologia": "Verona 90", "n_posti": 5, "fumetto": null, "anno": 2026, "nr_moduli": 1, "tot_bici": 5, "foto": "546.JPG", "codice_via": 1080, "civico": 40, "barra": null, "edificio": null, "Tipo_generale": "Rastr_bloccatelaio", "categoria": null, "provenienza": "Nuova posizione" }, "geometry": { "type": "LineString", "coordinates": [ [ 664044.849527777638286, 5103434.391222221776843 ], [ 664048.730185184977017, 5103437.56630555447191 ] ] } },
{ "type": "Feature", "properties": { "id": 547, "zona": "ZTL", "tipologia": "Verona 90", "n_posti": 5, "fumetto": null, "anno": 2026, "nr_moduli": 2, "tot_bici": 10, "foto": "547.JPG", "codice_via": 1700, "civico": 80, "barra": null, "edificio": null, "Tipo_generale": "Rastr_bloccatelaio", "categoria": null, "provenienza": "Nuova posizione" }, "geometry": { "type": "LineString", "coordinates": [ [ 664267.635937500046566, 5104013.113541665486991 ], [ 664274.250520833418705, 5104015.957812498323619 ] ] } },
{ "type": "Feature", "properties": { "id": 550, "zona": "ZTL", "tipologia": "Verona 90", "n_posti": 5, "fumetto": null, "anno": 2026, "nr_moduli": 1, "tot_bici": 5, "foto": "550.JPG", "codice_via": 230, "civico": 16, "barra": null, "edificio": null, "Tipo_generale": "Rastr_bloccatelaio", "categoria": null, "provenienza": "Nuova posizione" }, "geometry": { "type": "LineString", "coordinates": [ [ 664252.593437500065193, 5103972.044635417871177 ], [ 664252.725729166762903, 5103969.663385417312384 ] ] } },
{ "type": "Feature", "properties": { "id": 552, "zona": "CENTRO STORICO-PIEDICASTELLO", "tipologia": "Archetto", "n_posti": 2, "fumetto": null, "anno": 2026, "nr_moduli": 3, "tot_bici": 6, "foto": "552.JPG", "codice_via": 395, "civico": null, "barra": null, "edificio": null, "Tipo_generale": "Rastr_bloccatelaio", "categoria": null, "provenienza": "Nuova posizione" }, "geometry": { "type": "LineString", "coordinates": [ [ 663526.489044369198382, 5104997.895904437638819 ], [ 663530.88153583672829, 5105000.598976110108197 ] ] } },
{ "type": "Feature", "properties": { "id": 492, "zona": "CENTRO STORICO-PIEDICASTELLO", "tipologia": "Archetto Sanzio", "n_posti": 2, "fumetto": null, "anno": 2025, "nr_moduli": 8, "tot_bici": 16, "foto": "492.JPG", "codice_via": 3030, "civico": 13, "barra": null, "edificio": null, "Tipo_generale": "Rastr_bloccatelaio", "categoria": null, "provenienza": "Nuova posizione" }, "geometry": { "type": "LineString", "coordinates": [ [ 664364.618645865703002, 5104265.264895838685334 ], [ 664366.603020867682062, 5104264.788645838387311 ] ] } },
{ "type": "Feature", "properties": { "id": 493, "zona": "CENTRO STORICO-PIEDICASTELLO", "tipologia": "Archetto Sanzio", "n_posti": 2, "fumetto": null, "anno": 2025, "nr_moduli": 6, "tot_bici": 12, "foto": "493.JPG", "codice_via": 3030, "civico": 13, "barra": null, "edificio": null, "Tipo_generale": "Rastr_bloccatelaio", "categoria": null, "provenienza": "Nuova posizione" }, "geometry": { "type": "LineString", "coordinates": [ [ 664373.111770874471404, 5104263.174687504768372 ], [ 664371.312604205915704, 5104263.624479171819985 ] ] } },
{ "type": "Feature", "properties": { "id": 494, "zona": "CENTRO STORICO-PIEDICASTELLO", "tipologia": "Archetto Sanzio", "n_posti": 2, "fumetto": null, "anno": 2025, "nr_moduli": 11, "tot_bici": 22, "foto": "494.JPG", "codice_via": 3030, "civico": 13, "barra": null, "edificio": null, "Tipo_generale": "Rastr_bloccatelaio", "categoria": null, "provenienza": "Nuova posizione" }, "geometry": { "type": "LineString", "coordinates": [ [ 664376.41906254447531, 5104262.354479169473052 ], [ 664378.932604213710874, 5104261.745937502011657 ] ] } },
{ "type": "Feature", "properties": { "id": 495, "zona": "CENTRO STORICO-PIEDICASTELLO", "tipologia": "Archetto Sanzio", "n_posti": 2, "fumetto": null, "anno": 2025, "nr_moduli": 8, "tot_bici": 16, "foto": "495.JPG", "codice_via": 3030, "civico": 13, "barra": null, "edificio": null, "Tipo_generale": "Rastr_bloccatelaio", "categoria": null, "provenienza": "Nuova posizione" }, "geometry": { "type": "LineString", "coordinates": [ [ 664383.404062551562674, 5104260.687604170292616 ], [ 664385.732395887258463, 5104260.15843750257045 ] ] } },
{ "type": "Feature", "properties": { "id": 496, "zona": "CENTRO STORICO-PIEDICASTELLO", "tipologia": "Archetto Sanzio", "n_posti": 2, "fumetto": null, "anno": 2025, "nr_moduli": 2, "tot_bici": 4, "foto": "496.JPG", "codice_via": 3030, "civico": 13, "barra": null, "edificio": null, "Tipo_generale": "Rastr_bloccatelaio", "categoria": null, "provenienza": "Nuova posizione" }, "geometry": { "type": "LineString", "coordinates": [ [ 664389.19843755743932, 5104259.391145834699273 ], [ 664390.283229225198738, 5104259.205937501043081 ] ] } },
{ "type": "Feature", "properties": { "id": 507, "zona": "CENTRO STORICO-PIEDICASTELLO", "tipologia": "Archetto", "n_posti": 2, "fumetto": null, "anno": 2025, "nr_moduli": 11, "tot_bici": 22, "foto": "507.JPG", "codice_via": 1040, "civico": 18, "barra": null, "edificio": null, "Tipo_generale": "Rastr_bloccatelaio", "categoria": null, "provenienza": "Sostituzione di esistente" }, "geometry": { "type": "LineString", "coordinates": [ [ 664093.290859872475266, 5103735.15207006316632 ], [ 664095.241695859702304, 5103724.386345540173352 ] ] } },
{ "type": "Feature", "properties": { "id": 508, "zona": "S. GIUSEPPE-S. CHIARA", "tipologia": "Archetto", "n_posti": 2, "fumetto": null, "anno": 2025, "nr_moduli": 3, "tot_bici": 6, "foto": "508.JPG", "codice_via": 1400, "civico": 37, "barra": null, "edificio": null, "Tipo_generale": "Rastr_bloccatelaio", "categoria": null, "provenienza": "Nuova posizione" }, "geometry": { "type": "LineString", "coordinates": [ [ 664782.898194042732939, 5103627.684275225736201 ], [ 664784.203690573340282, 5103626.916336090303957 ] ] } },
{ "type": "Feature", "properties": { "id": 509, "zona": "S. GIUSEPPE-S. CHIARA", "tipologia": "Archetto", "n_posti": 2, "fumetto": null, "anno": 2025, "nr_moduli": 2, "tot_bici": 4, "foto": "509.JPG", "codice_via": 1400, "civico": 41, "barra": null, "edificio": null, "Tipo_generale": "Rastr_bloccatelaio", "categoria": null, "provenienza": "Nuova posizione" }, "geometry": { "type": "LineString", "coordinates": [ [ 664785.393996233353391, 5103626.340381738729775 ], [ 664786.315523196128197, 5103625.841221299953759 ] ] } },
{ "type": "Feature", "properties": { "id": 276, "zona": "S. GIUSEPPE_S. CHIARA", "tipologia": "Archetto", "n_posti": 2, "fumetto": null, "anno": 2024, "nr_moduli": 5, "tot_bici": 10, "foto": "276.jpg", "codice_via": 3360, "civico": 25, "barra": null, "edificio": null, "Tipo_generale": "Rastr_bloccatelaio", "categoria": null, "provenienza": "Nuova posizione" }, "geometry": { "type": "LineString", "coordinates": [ [ 665175.087743934243917, 5103472.987109743058681 ], [ 665178.535673713427968, 5103476.744469117373228 ] ] } },
{ "type": "Feature", "properties": { "id": 277, "zona": "S. GIUSEPPE_S. CHIARA", "tipologia": "Archetto", "n_posti": 2, "fumetto": null, "anno": 2024, "nr_moduli": 9, "tot_bici": 18, "foto": "277.jpg", "codice_via": 3360, "civico": 25, "barra": null, "edificio": null, "Tipo_generale": "Rastr_bloccatelaio", "categoria": null, "provenienza": "Sostituzione di esistente" }, "geometry": { "type": "LineString", "coordinates": [ [ 665179.876535293995403, 5103490.801413603127003 ], [ 665184.326427573454566, 5103494.809263603761792 ] ] } },
{ "type": "Feature", "properties": { "id": 460, "zona": "MARTGIGNANO", "tipologia": "Archetto", "n_posti": 2, "fumetto": null, "anno": 2024, "nr_moduli": 4, "tot_bici": 8, "foto": "460.JPG", "codice_via": 6485, "civico": null, "barra": null, "edificio": null, "Tipo_generale": "Rastr_bloccatelaio", "categoria": null, "provenienza": "Nuova posizione" }, "geometry": { "type": "LineString", "coordinates": [ [ 664958.464426027610898, 5106174.022763942368329 ], [ 664962.318994235363789, 5106172.779354843311012 ] ] } },
{ "type": "Feature", "properties": { "id": 470, "zona": "MARTIGNANO", "tipologia": "Archetto", "n_posti": 2, "fumetto": null, "anno": 2024, "nr_moduli": 4, "tot_bici": 8, "foto": "470.JPEG", "codice_via": 6485, "civico": null, "barra": null, "edificio": null, "Tipo_generale": "Rastr_bloccatelaio", "categoria": null, "provenienza": "Nuova posizione" }, "geometry": { "type": "LineString", "coordinates": [ [ 664928.415860199602321, 5106087.460858346894383 ], [ 664932.652553325635381, 5106087.569491503760219 ] ] } },
{ "type": "Feature", "properties": { "id": 471, "zona": "S. GIUSEPPE - S.CHIARA", "tipologia": "Archetto", "n_posti": 2, "fumetto": null, "anno": 2024, "nr_moduli": 3, "tot_bici": 6, "foto": "471.JPG", "codice_via": 1400, "civico": 12, "barra": null, "edificio": null, "Tipo_generale": "Rastr_bloccatelaio", "categoria": null, "provenienza": "Nuova posizione" }, "geometry": { "type": "LineString", "coordinates": [ [ 664596.431525173597038, 5103704.309821181930602 ], [ 664599.12144531251397, 5103703.669364006258547 ] ] } },
{ "type": "Feature", "properties": { "id": 545, "zona": "ZTL", "tipologia": "Verona 90", "n_posti": 5, "fumetto": null, "anno": 2026, "nr_moduli": 4, "tot_bici": 20, "foto": "545.JPG", "codice_via": 3320, "civico": 12, "barra": null, "edificio": "SCUOLA INFANZIA \"TORRIONE\"", "Tipo_generale": "Rastr_bloccatelaio", "categoria": "SCUOLA", "provenienza": "Sostituzione di esistente" }, "geometry": { "type": "LineString", "coordinates": [ [ 664148.17395833239425, 5103489.344531254842877 ], [ 664161.651171874022111, 5103486.03723958786577 ] ] } },
{ "type": "Feature", "properties": { "id": 548, "zona": "OLTREFERSINA", "tipologia": "Archetto", "n_posti": 2, "fumetto": null, "anno": 2026, "nr_moduli": 10, "tot_bici": 20, "foto": "548.JPG", "codice_via": 1050, "civico": 13, "barra": null, "edificio": "SCUOLA PRIMARIA CLARINA", "Tipo_generale": "Rastr_bloccatelaio", "categoria": "SCUOLA", "provenienza": "Nuova posizione" }, "geometry": { "type": "LineString", "coordinates": [ [ 664500.561945163994096, 5102029.78557044826448 ], [ 664511.904495049733669, 5102027.37002741638571 ] ] } },
{ "type": "Feature", "properties": { "id": 472, "zona": "S. GIUSEPPE - S.CHIARA", "tipologia": "Archetto", "n_posti": 2, "fumetto": null, "anno": 2024, "nr_moduli": 3, "tot_bici": 6, "foto": "472.JPG", "codice_via": 1400, "civico": 18, "barra": null, "edificio": null, "Tipo_generale": "Rastr_bloccatelaio", "categoria": null, "provenienza": "Nuova posizione" }, "geometry": { "type": "LineString", "coordinates": [ [ 664612.859251736197621, 5103699.954712385311723 ], [ 664609.721011574147269, 5103700.78730671480298 ] ] } },
{ "type": "Feature", "properties": { "id": 478, "zona": "CENTRO STORICO-PIEDICASTELLO", "tipologia": "Archetto", "n_posti": 2, "fumetto": null, "anno": 2024, "nr_moduli": 5, "tot_bici": 10, "foto": "478.JPG", "codice_via": 1460, "civico": 1, "barra": null, "edificio": null, "Tipo_generale": "Rastr_bloccatelaio", "categoria": null, "provenienza": "Nuova posizione" }, "geometry": { "type": "LineString", "coordinates": [ [ 663719.976145823602565, 5104395.98828138038516 ], [ 663724.77171874511987, 5104394.599218878895044 ] ] } },
{ "type": "Feature", "properties": { "id": 479, "zona": "CENTRO STORICO-PIEDICASTELLO", "tipologia": "Archetto", "n_posti": 2, "fumetto": null, "anno": 2024, "nr_moduli": 8, "tot_bici": 16, "foto": "479.JPG", "codice_via": 1460, "civico": 16, "barra": null, "edificio": "", "Tipo_generale": "Rastr_bloccatelaio", "categoria": null, "provenienza": "Nuova posizione" }, "geometry": { "type": "LineString", "coordinates": [ [ 663842.770810649963096, 5104358.485104650259018 ], [ 663834.767164808465168, 5104360.601771319285035 ] ] } },
{ "type": "Feature", "properties": { "id": 482, "zona": "CENTRO STORICO-PIEDICASTELLO", "tipologia": "Archetto", "n_posti": 2, "fumetto": null, "anno": 2024, "nr_moduli": 11, "tot_bici": 22, "foto": "482.JPG", "codice_via": 3400, "civico": 39, "barra": null, "edificio": null, "Tipo_generale": "Rastr_bloccatelaio", "categoria": null, "provenienza": "Nuova posizione" }, "geometry": { "type": "LineString", "coordinates": [ [ 664543.216470598708838, 5104012.90505881793797 ], [ 664542.58752942213323, 5103995.713999993167818 ] ] } },
{ "type": "Feature", "properties": { "id": 483, "zona": "S. GIUSEPPE - S.CHIARA", "tipologia": "Archetto", "n_posti": 2, "fumetto": null, "anno": 2024, "nr_moduli": 5, "tot_bici": 10, "foto": "483.JPG", "codice_via": 460, "civico": 17, "barra": null, "edificio": null, "Tipo_generale": "Rastr_bloccatelaio", "categoria": null, "provenienza": "Nuova posizione" }, "geometry": { "type": "LineString", "coordinates": [ [ 664074.845066176727414, 5102820.816727941855788 ], [ 664076.309279412031174, 5102816.151676471345127 ] ] } },
{ "type": "Feature", "properties": { "id": 480, "zona": "CENTRO STORICO-PIEDICASTELLO", "tipologia": "Archetto", "n_posti": 2, "fumetto": null, "anno": 2024, "nr_moduli": 4, "tot_bici": 8, "foto": "480.JPG", "codice_via": 3290, "civico": 31, "barra": null, "edificio": null, "Tipo_generale": "Rastr_bloccatelaio", "categoria": null, "provenienza": "Nuova posizione" }, "geometry": { "type": "LineString", "coordinates": [ [ 664455.322760477312841, 5104340.169531268998981 ], [ 664453.437604225473478, 5104339.34270835109055 ] ] } },
{ "type": "Feature", "properties": { "id": 481, "zona": "S. GIUSEPPE - S.CHIARA", "tipologia": "Archetto", "n_posti": 2, "fumetto": null, "anno": 2024, "nr_moduli": 4, "tot_bici": 8, "foto": "481.JPG", "codice_via": 3350, "civico": 38, "barra": null, "edificio": null, "Tipo_generale": "Rastr_bloccatelaio", "categoria": null, "provenienza": "Nuova posizione" }, "geometry": { "type": "LineString", "coordinates": [ [ 664269.486041546915658, 5103129.833071757107973 ], [ 664268.526926962658763, 5103134.727863429114223 ] ] } },
{ "type": "Feature", "properties": { "id": 484, "zona": "CENTRO STORICO-PIEDICASTELLO", "tipologia": "Archetto", "n_posti": 2, "fumetto": null, "anno": 2024, "nr_moduli": 15, "tot_bici": 30, "foto": "484.JPG", "codice_via": 1460, "civico": 3, "barra": null, "edificio": "SCUOLA SECONDARIA \"A. MANZONI\"", "Tipo_generale": "Rastr_bloccatelaio", "categoria": "SCUOLA", "provenienza": "Nuova posizione" }, "geometry": { "type": "LineString", "coordinates": [ [ 663719.792289270786569, 5104391.740515157580376 ], [ 663734.870365725830197, 5104387.36300908960402 ] ] } },
{ "type": "Feature", "properties": { "id": 485, "zona": "OLTREFERSINA", "tipologia": "Archetto", "n_posti": 2, "fumetto": null, "anno": 2024, "nr_moduli": 3, "tot_bici": 6, "foto": "485.JPG", "codice_via": 1760, "civico": 28, "barra": null, "edificio": null, "Tipo_generale": "Rastr_bloccatelaio", "categoria": null, "provenienza": "Nuova posizione" }, "geometry": { "type": "LineString", "coordinates": [ [ 664928.015605095890351, 5100690.231206209398806 ], [ 664928.085187102318741, 5100688.561238056048751 ] ] } },
{ "type": "Feature", "properties": { "id": 486, "zona": "OLTREFERSINA", "tipologia": "Archetto", "n_posti": 2, "fumetto": null, "anno": 2024, "nr_moduli": 3, "tot_bici": 6, "foto": "486.JPG", "codice_via": 1870, "civico": null, "barra": null, "edificio": null, "Tipo_generale": "Rastr_bloccatelaio", "categoria": null, "provenienza": "Nuova posizione" }, "geometry": { "type": "LineString", "coordinates": [ [ 664949.377281051012687, 5100735.877002386376262 ], [ 664950.421011146507226, 5100733.372050157748163 ] ] } },
{ "type": "Feature", "properties": { "id": 13, "zona": "ZTL", "tipologia": "Verona 90", "n_posti": 6, "fumetto": "P.TTA DEGLI AGOSTINIANI - nr. posti 6", "anno": 2022, "nr_moduli": 1, "tot_bici": 6, "foto": "13.jpg", "codice_via": 80, "civico": 1, "barra": null, "edificio": null, "Tipo_generale": "Rastr_bloccatelaio", "categoria": null, "provenienza": "Esistente al 2023" }, "geometry": { "type": "LineString", "coordinates": [ [ 664364.416354152024724, 5104039.393750072456896 ], [ 664364.945520819514059, 5104037.277083405293524 ] ] } },
{ "type": "Feature", "properties": { "id": 5, "zona": "ZTL", "tipologia": "Verona 90", "n_posti": 6, "fumetto": "VIA R. BELENZANI - nr. posti 6", "anno": 2022, "nr_moduli": 1, "tot_bici": 6, "foto": "5.jpg", "codice_via": 240, "civico": 3, "barra": null, "edificio": "UFFICI COMUNALI PALAZZO THUN", "Tipo_generale": "Rastr_bloccatelaio", "categoria": null, "provenienza": "Esistente al 2023" }, "geometry": { "type": "LineString", "coordinates": [ [ 664061.303957075579092, 5103947.743751404806972 ], [ 664064.214373745257035, 5103947.743751404806972 ] ] } },
{ "type": "Feature", "properties": { "id": 80, "zona": "CENTRO STORICO_PIEDICASTELLO", "tipologia": "Verona 90", "n_posti": 6, "fumetto": "VIA SAN MARTINO - nr. posti 18", "anno": 2022, "nr_moduli": 3, "tot_bici": 18, "foto": "80.jpg", "codice_via": 2820, "civico": 86, "barra": null, "edificio": "SCUOLA PRIMARIA \"R. SANZIO\"", "Tipo_generale": "Rastr_bloccatelaio", "categoria": "SCUOLA", "provenienza": "Esistente al 2023" }, "geometry": { "type": "LineString", "coordinates": [ [ 664347.69061101519037, 5104278.754038203507662 ], [ 664348.087486015632749, 5104282.127475706860423 ] ] } },
{ "type": "Feature", "properties": { "id": 2, "zona": "ZTL", "tipologia": "Metallo 4 posti", "n_posti": 4, "fumetto": "VIA TORRE VANGA - nr. posti 8", "anno": 2022, "nr_moduli": 2, "tot_bici": 8, "foto": "2.jpg", "codice_via": 3300, "civico": 24, "barra": null, "edificio": "BIBLIOTECA", "Tipo_generale": "Rastr_tradizionale", "categoria": null, "provenienza": "Esistente al 2023" }, "geometry": { "type": "LineString", "coordinates": [ [ 663977.243428374291398, 5104019.14644146990031 ], [ 663981.847065914422274, 5104020.208819364197552 ] ] } },
{ "type": "Feature", "properties": { "id": 6, "zona": "ZTL", "tipologia": "Verona 90", "n_posti": 6, "fumetto": "VIA R. BELENZANI - nr. posti 12", "anno": 2022, "nr_moduli": 2, "tot_bici": 12, "foto": "6.jpg", "codice_via": 240, "civico": 3, "barra": null, "edificio": "UFFICI COMUNALI PALAZZO THUN", "Tipo_generale": "Rastr_bloccatelaio", "categoria": null, "provenienza": "Esistente al 2023" }, "geometry": { "type": "LineString", "coordinates": [ [ 664058.386937185190618, 5103939.826294865459204 ], [ 664069.460536051657982, 5103939.826294865459204 ] ] } },
{ "type": "Feature", "properties": { "id": 11, "zona": "ZTL", "tipologia": "Verona 90", "n_posti": 6, "fumetto": "PIAZZA C. BATTISTI - nr. posti 6", "anno": 2022, "nr_moduli": 1, "tot_bici": 6, "foto": "11.jpg", "codice_via": 230, "civico": 1, "barra": null, "edificio": null, "Tipo_generale": "Rastr_bloccatelaio", "categoria": null, "provenienza": "Esistente al 2023" }, "geometry": { "type": "LineString", "coordinates": [ [ 664214.788889519055374, 5103932.196636698208749 ], [ 664219.493653238518164, 5103932.707231210544705 ] ] } },
{ "type": "Feature", "properties": { "id": 22, "zona": "ZTL", "tipologia": "Metallo 4 posti", "n_posti": 4, "fumetto": "PIAZZA DELLE ERBE - nr. posti 12", "anno": 2022, "nr_moduli": 3, "tot_bici": 12, "foto": "22.jpg", "codice_via": 1070, "civico": 1, "barra": null, "edificio": null, "Tipo_generale": "Rastr_tradizionale", "categoria": null, "provenienza": "Esistente al 2023" }, "geometry": { "type": "LineString", "coordinates": [ [ 664244.032499842112884, 5103744.599374954588711 ], [ 664244.773333176155575, 5103736.556041613221169 ] ] } },
{ "type": "Feature", "properties": { "id": 40, "zona": "ZTL", "tipologia": "Metallo 4 posti", "n_posti": 4, "fumetto": "PIAZZA S. MARIA MAGGIORE - nr. posti 4", "anno": 2022, "nr_moduli": 1, "tot_bici": 4, "foto": "40.jpg", "codice_via": 2990, "civico": 4, "barra": null, "edificio": null, "Tipo_generale": "Rastr_tradizionale", "categoria": null, "provenienza": "Esistente al 2023" }, "geometry": { "type": "LineString", "coordinates": [ [ 663939.492371986270882, 5103887.420659892261028 ], [ 663939.90228255582042, 5103885.67853997182101 ] ] } },
{ "type": "Feature", "properties": { "id": 46, "zona": "S. GIUSEPPE_S.CHIARA", "tipologia": "Metallo 4 posti", "n_posti": 4, "fumetto": "PIAZZA DI FIERA - nr. posti 4", "anno": 2022, "nr_moduli": 1, "tot_bici": 4, "foto": "46.jpg", "codice_via": 1130, "civico": 6, "barra": null, "edificio": null, "Tipo_generale": "Rastr_tradizionale", "categoria": null, "provenienza": "Esistente al 2023" }, "geometry": { "type": "LineString", "coordinates": [ [ 664265.088364201365039, 5103450.952376914210618 ], [ 664266.728006479563192, 5103450.875518682412803 ] ] } },
{ "type": "Feature", "properties": { "id": 47, "zona": "S. GIUSEPPE_S.CHIARA", "tipologia": "Metallo 4 posti", "n_posti": 4, "fumetto": "PIAZZA DI FIERA - nr. posti 4", "anno": 2022, "nr_moduli": 1, "tot_bici": 4, "foto": "47.jpg", "codice_via": 1130, "civico": 5, "barra": null, "edificio": null, "Tipo_generale": "Rastr_tradizionale", "categoria": null, "provenienza": "Esistente al 2023" }, "geometry": { "type": "LineString", "coordinates": [ [ 664281.817839320632629, 5103449.825122846290469 ], [ 664283.739295115345158, 5103449.67140638269484 ] ] } },
{ "type": "Feature", "properties": { "id": 48, "zona": "S. GIUSEPPE_S.CHIARA", "tipologia": "Metallo 4 posti", "n_posti": 4, "fumetto": "PIAZZA DI FIERA - nr. posti 4", "anno": 2022, "nr_moduli": 1, "tot_bici": 4, "foto": "48.jpg", "codice_via": 1130, "civico": 3, "barra": null, "edificio": null, "Tipo_generale": "Rastr_tradizionale", "categoria": null, "provenienza": "Esistente al 2023" }, "geometry": { "type": "LineString", "coordinates": [ [ 664292.962282929685898, 5103448.813156131654978 ], [ 664295.088694009114988, 5103448.659439668059349 ] ] } },
{ "type": "Feature", "properties": { "id": 49, "zona": "S. GIUSEPPE_S.CHIARA", "tipologia": "Archetto", "n_posti": 2, "fumetto": "VIA SAN GIOVANNI BOSCO - nr. posti 17", "anno": 2022, "nr_moduli": 17, "tot_bici": 34, "foto": "49.jpg", "codice_via": 2780, "civico": 6, "barra": null, "edificio": "SCUOLA PRIMARIA \"F. CRISPI\"", "Tipo_generale": "Rastr_bloccatelaio", "categoria": "SCUOLA", "provenienza": "Esistente al 2023" }, "geometry": { "type": "LineString", "coordinates": [ [ 664344.149865300627425, 5103441.844676448963583 ], [ 664362.288408002699725, 5103437.643093110993505 ] ] } },
{ "type": "Feature", "properties": { "id": 50, "zona": "S. GIUSEPPE_S.CHIARA", "tipologia": "Archetto", "n_posti": 2, "fumetto": "VIA SAN GIOVANNI BOSCO - nr. posti 12", "anno": 2022, "nr_moduli": 12, "tot_bici": 24, "foto": "50.jpg", "codice_via": 2780, "civico": 8, "barra": null, "edificio": "SCUOLA PRIMARIA \"F. CRISPI\"", "Tipo_generale": "Rastr_bloccatelaio", "categoria": "SCUOLA", "provenienza": "Esistente al 2023" }, "geometry": { "type": "LineString", "coordinates": [ [ 664377.14766614860855, 5103434.466286197304726 ], [ 664390.162326731486246, 5103431.494434568099678 ] ] } },
{ "type": "Feature", "properties": { "id": 52, "zona": "S. GIUSEPPE_S.CHIARA", "tipologia": "Verona 90", "n_posti": 6, "fumetto": "VIA CARD. C. MADRUZZO - nr. posti 6", "anno": 2022, "nr_moduli": 1, "tot_bici": 6, "foto": "52.jpg", "codice_via": 1600, "civico": 6, "barra": null, "edificio": null, "Tipo_generale": "Rastr_bloccatelaio", "categoria": null, "provenienza": "Esistente al 2023" }, "geometry": { "type": "LineString", "coordinates": [ [ 663893.77343672409188, 5103303.128377777524292 ], [ 663894.285824935999699, 5103299.695376757532358 ] ] } },
{ "type": "Feature", "properties": { "id": 53, "zona": "S. GIUSEPPE_S.CHIARA", "tipologia": "Archetto", "n_posti": 2, "fumetto": "VIA G. GIUSTI - nr. posti 5", "anno": 2022, "nr_moduli": 5, "tot_bici": 10, "foto": "53.jpg", "codice_via": 1350, "civico": null, "barra": null, "edificio": null, "Tipo_generale": "Rastr_bloccatelaio", "categoria": null, "provenienza": "Esistente al 2023" }, "geometry": { "type": "LineString", "coordinates": [ [ 663884.499210088164546, 5103228.729609407484531 ], [ 663885.062837121309713, 5103224.98917546030134 ] ] } },
{ "type": "Feature", "properties": { "id": 55, "zona": "CENTRO STORICO_PIEDICASTELLO", "tipologia": "Verona 90", "n_posti": 6, "fumetto": "PIAZZA DANTE - nr. posti 12", "anno": 2022, "nr_moduli": 2, "tot_bici": 12, "foto": "55.jpg", "codice_via": 880, "civico": 32, "barra": null, "edificio": "BIBLIOTECA GIOVANILE", "Tipo_generale": "Rastr_bloccatelaio", "categoria": null, "provenienza": "Esistente al 2023" }, "geometry": { "type": "LineString", "coordinates": [ [ 664040.035942467860878, 5104099.008338989689946 ], [ 664044.322192472405732, 5104099.960838990285993 ] ] } },
{ "type": "Feature", "properties": { "id": 57, "zona": "CENTRO STORICO_PIEDICASTELLO", "tipologia": "Metallo 5 posti", "n_posti": 5, "fumetto": "VIA C. VANNETTI - nr. posti 5", "anno": 2022, "nr_moduli": 1, "tot_bici": 5, "foto": "57.jpg", "codice_via": 3370, "civico": 23, "barra": null, "edificio": null, "Tipo_generale": "Rastr_tradizionale", "categoria": null, "provenienza": "Esistente al 2023" }, "geometry": { "type": "LineString", "coordinates": [ [ 664168.704584855004214, 5104512.662724183872342 ], [ 664171.711633658385836, 5104513.826743075624108 ] ] } },
{ "type": "Feature", "properties": { "id": 299, "zona": "CENTRO STORICO_PIEDICASTELLO", "tipologia": "Verona 90", "n_posti": 6, "fumetto": "VIA DEL BRENNERO - nr. posti 6", "anno": 2022, "nr_moduli": 1, "tot_bici": 6, "foto": "299.jpg", "codice_via": 400, "civico": 312, "barra": null, "edificio": "UFFICI COMUNALI TOP CENTER", "Tipo_generale": "Rastr_bloccatelaio", "categoria": null, "provenienza": "Esistente al 2023" }, "geometry": { "type": "LineString", "coordinates": [ [ 663700.662258974509314, 5106302.98619107156992 ], [ 663701.456132813589647, 5106301.556503848172724 ] ] } },
{ "type": "Feature", "properties": { "id": 63, "zona": "CENTRO STORICO_PIEDICASTELLO", "tipologia": "Archetto", "n_posti": 2, "fumetto": "VIA DEL BRENNERO - nr. posti 9", "anno": 2022, "nr_moduli": 9, "tot_bici": 18, "foto": "63.jpg", "codice_via": 400, "civico": 99, "barra": null, "edificio": null, "Tipo_generale": "Rastr_bloccatelaio", "categoria": null, "provenienza": "Esistente al 2023" }, "geometry": { "type": "LineString", "coordinates": [ [ 663867.305583933717571, 5105565.654856959357858 ], [ 663870.653820197912864, 5105557.543636714108288 ] ] } },
{ "type": "Feature", "properties": { "id": 64, "zona": "CENTRO STORICO_PIEDICASTELLO", "tipologia": "Archetto", "n_posti": 2, "fumetto": "VIA DEL BRENNERO - nr. posti 29", "anno": 2022, "nr_moduli": 29, "tot_bici": 58, "foto": "64.jpg", "codice_via": 400, "civico": 99, "barra": null, "edificio": null, "Tipo_generale": "Rastr_bloccatelaio", "categoria": null, "provenienza": "Esistente al 2023" }, "geometry": { "type": "LineString", "coordinates": [ [ 663887.701530191116035, 5105516.840165931731462 ], [ 663876.666497996309772, 5105542.871523930691183 ] ] } },
{ "type": "Feature", "properties": { "id": 65, "zona": "GARDOLO", "tipologia": "Onda", "n_posti": 6, "fumetto": "VIA L. CANEPPELE - nr. posti 6", "anno": 2022, "nr_moduli": 1, "tot_bici": 6, "foto": "65.jpg", "codice_via": 5080, "civico": 19, "barra": null, "edificio": "PARCO RONCAFORT", "Tipo_generale": "Rastr_tradizionale", "categoria": null, "provenienza": "Esistente al 2023" }, "geometry": { "type": "LineString", "coordinates": [ [ 662518.697322431136854, 5107336.582996422424912 ], [ 662517.94279031525366, 5107330.735372524708509 ] ] } },
{ "type": "Feature", "properties": { "id": 66, "zona": "GARDOLO", "tipologia": "Onda", "n_posti": 6, "fumetto": "VIA L. CANEPPELE - nr. posti 12", "anno": 2022, "nr_moduli": 2, "tot_bici": 12, "foto": "66.jpg", "codice_via": 5080, "civico": 19, "barra": null, "edificio": "PARCO RONCAFORT", "Tipo_generale": "Rastr_tradizionale", "categoria": null, "provenienza": "Esistente al 2023" }, "geometry": { "type": "LineString", "coordinates": [ [ 662511.77923850750085, 5107275.177089301869273 ], [ 662516.023040499072522, 5107274.763975834473968 ] ] } },
{ "type": "Feature", "properties": { "id": 31, "zona": "ZTL", "tipologia": "Garzetti", "n_posti": 12, "fumetto": "PIAZZA G.B. GARZETTI - nr. posti 12", "anno": 2022, "nr_moduli": 1, "tot_bici": 12, "foto": "31.jpg", "codice_via": 1260, "civico": 16, "barra": null, "edificio": null, "Tipo_generale": "Rastr_tradizionale", "categoria": null, "provenienza": "Sostituzione prevista nel 2026" }, "geometry": { "type": "LineString", "coordinates": [ [ 664268.437666529673152, 5103566.912435768172145 ], [ 664271.665712264250033, 5103567.271107516251504 ] ] } },
{ "type": "Feature", "properties": { "id": 67, "zona": "GARDOLO", "tipologia": "Onda", "n_posti": 6, "fumetto": "VIA L. CANEPPELE - nr. posti 6", "anno": 2022, "nr_moduli": 1, "tot_bici": 6, "foto": "67.jpg", "codice_via": 5080, "civico": 19, "barra": null, "edificio": "PARCO RONCAFORT", "Tipo_generale": "Rastr_tradizionale", "categoria": null, "provenienza": "Esistente al 2023" }, "geometry": { "type": "LineString", "coordinates": [ [ 662455.070026054512709, 5107308.714391766116023 ], [ 662454.91980297525879, 5107304.73348016384989 ] ] } },
{ "type": "Feature", "properties": { "id": 68, "zona": "GARDOLO", "tipologia": "Corten", "n_posti": 10, "fumetto": "PARCO DI MELTA - nr. posti 10", "anno": 2022, "nr_moduli": 1, "tot_bici": 10, "foto": "68.jpg", "codice_via": 5903, "civico": null, "barra": null, "edificio": null, "Tipo_generale": "Rastr_tradizionale", "categoria": null, "provenienza": "Esistente al 2023" }, "geometry": { "type": "LineString", "coordinates": [ [ 663541.540614898782223, 5106990.269194393418729 ], [ 663545.463620929047465, 5106988.674724095501006 ] ] } },
{ "type": "Feature", "properties": { "id": 69, "zona": "GARDOLO", "tipologia": "Corten", "n_posti": 10, "fumetto": "PARCO DI MELTA - nr. posti 20", "anno": 2022, "nr_moduli": 2, "tot_bici": 20, "foto": "69.jpg", "codice_via": 5903, "civico": null, "barra": null, "edificio": null, "Tipo_generale": "Rastr_tradizionale", "categoria": null, "provenienza": "Esistente al 2023" }, "geometry": { "type": "LineString", "coordinates": [ [ 663398.940312109305523, 5107163.317187611013651 ], [ 663404.337812114856206, 5107163.211354278028011 ] ] } },
{ "type": "Feature", "properties": { "id": 70, "zona": "GARDOLO", "tipologia": "Archetto", "n_posti": 2, "fumetto": "PARCO DI MELTA - nr. posti 20", "anno": 2023, "nr_moduli": 10, "tot_bici": 20, "foto": "70.jpg", "codice_via": 5903, "civico": null, "barra": null, "edificio": null, "Tipo_generale": "Rastr_bloccatelaio", "categoria": null, "provenienza": "Esistente al 2023" }, "geometry": { "type": "LineString", "coordinates": [ [ 663567.691562282969244, 5107166.333437611348927 ], [ 663568.855728950817138, 5107161.888437607325613 ] ] } },
{ "type": "Feature", "properties": { "id": 72, "zona": "CENTRO STORICO_PIEDICASTELLO", "tipologia": "Metallo 4 posti", "n_posti": 4, "fumetto": null, "anno": 2022, "nr_moduli": 1, "tot_bici": 4, "foto": "72.jpg", "codice_via": 3370, "civico": 15, "barra": null, "edificio": null, "Tipo_generale": "Rastr_tradizionale", "categoria": null, "provenienza": "Esistente al 2023" }, "geometry": { "type": "LineString", "coordinates": [ [ 664160.298095336533152, 5104443.809666341170669 ], [ 664157.912462107720785, 5104438.133504521101713 ] ] } },
{ "type": "Feature", "properties": { "id": 73, "zona": "CENTRO STORICO_PIEDICASTELLO", "tipologia": "Metallo 4 posti", "n_posti": 4, "fumetto": null, "anno": 2022, "nr_moduli": 2, "tot_bici": 8, "foto": "73.jpg", "codice_via": 2670, "civico": 102, "barra": null, "edificio": null, "Tipo_generale": "Rastr_tradizionale", "categoria": null, "provenienza": "Esistente al 2023" }, "geometry": { "type": "LineString", "coordinates": [ [ 663915.717541920370422, 5103480.557183688506484 ], [ 663916.490769816678949, 5103476.054268292151392 ] ] } },
{ "type": "Feature", "properties": { "id": 74, "zona": "S. GIUSEPPE_S.CHIARA", "tipologia": "Metallo 4 posti", "n_posti": 4, "fumetto": null, "anno": 2022, "nr_moduli": 2, "tot_bici": 8, "foto": "74.jpg", "codice_via": 4085, "civico": null, "barra": null, "edificio": null, "Tipo_generale": "Rastr_tradizionale", "categoria": null, "provenienza": "Esistente al 2023" }, "geometry": { "type": "LineString", "coordinates": [ [ 664084.777044791961089, 5102525.576357755810022 ], [ 664089.787787176202983, 5102526.901036776602268 ] ] } },
{ "type": "Feature", "properties": { "id": 75, "zona": "S. GIUSEPPE_S.CHIARA", "tipologia": "Bronzetti 7 posti", "n_posti": 7, "fumetto": null, "anno": 2022, "nr_moduli": 2, "tot_bici": 14, "foto": "75.jpg", "codice_via": 460, "civico": 1, "barra": null, "edificio": "UFFICI COMUNALI", "Tipo_generale": "Rastr_tradizionale", "categoria": null, "provenienza": "Esistente al 2023" }, "geometry": { "type": "LineString", "coordinates": [ [ 664070.491330625140108, 5102874.121137693524361 ], [ 664071.523085499182343, 5102870.390946995466948 ] ] } },
{ "type": "Feature", "properties": { "id": 76, "zona": "S. GIUSEPPE_S.CHIARA", "tipologia": "Bronzetti 5 posti", "n_posti": 5, "fumetto": null, "anno": 2022, "nr_moduli": 3, "tot_bici": 15, "foto": "76.jpg", "codice_via": 460, "civico": 1, "barra": null, "edificio": "UFFICI COMUNALI", "Tipo_generale": "Rastr_tradizionale", "categoria": null, "provenienza": "Esistente al 2023" }, "geometry": { "type": "LineString", "coordinates": [ [ 664079.261247054906562, 5102876.898939278908074 ], [ 664081.166025283979252, 5102870.152849717065692 ] ] } },
{ "type": "Feature", "properties": { "id": 77, "zona": "S. GIUSEPPE_S.CHIARA", "tipologia": "Bronzetti 7 posti", "n_posti": 7, "fumetto": null, "anno": 2022, "nr_moduli": 1, "tot_bici": 7, "foto": "77.jpg", "codice_via": 460, "civico": 1, "barra": null, "edificio": "UFFICI COMUNALI", "Tipo_generale": "Rastr_tradizionale", "categoria": null, "provenienza": "Esistente al 2023" }, "geometry": { "type": "LineString", "coordinates": [ [ 664081.205708163673989, 5102869.736179480329156 ], [ 664081.999365759198554, 5102867.117109415121377 ] ] } },
{ "type": "Feature", "properties": { "id": 78, "zona": "S. GIUSEPPE_S. CHIARA", "tipologia": "Bronzetti 6 posti", "n_posti": 6, "fumetto": null, "anno": 2022, "nr_moduli": 1, "tot_bici": 6, "foto": "78.jpg", "codice_via": 460, "civico": 1, "barra": null, "edificio": "UFFICI COMUNALI", "Tipo_generale": "Rastr_tradizionale", "categoria": null, "provenienza": "Esistente al 2023" }, "geometry": { "type": "LineString", "coordinates": [ [ 664082.118414398515597, 5102866.660756297409534 ], [ 664082.67397471528966, 5102863.962320473045111 ] ] } },
{ "type": "Feature", "properties": { "id": 79, "zona": "S. GIUSEPPE_S. CHIARA", "tipologia": "Muredei", "n_posti": 6, "fumetto": null, "anno": 2022, "nr_moduli": 1, "tot_bici": 6, "foto": "79.jpg", "codice_via": 4084, "civico": null, "barra": null, "edificio": null, "Tipo_generale": "Rastr_tradizionale", "categoria": null, "provenienza": "Esistente al 2023" }, "geometry": { "type": "LineString", "coordinates": [ [ 663899.537484565633349, 5102477.054242691025138 ], [ 663902.275603269925341, 5102477.173291330225766 ] ] } },
{ "type": "Feature", "properties": { "id": 42, "zona": "ZTL", "tipologia": "Rotonda 4 posti", "n_posti": 4, "fumetto": null, "anno": 2022, "nr_moduli": 1, "tot_bici": 4, "foto": "42.jpg", "codice_via": 50, "civico": 2, "barra": null, "edificio": null, "Tipo_generale": "Rastr_tradizionale", "categoria": null, "provenienza": "Esistente al 2023" }, "geometry": { "type": "LineString", "coordinates": [ [ 664089.816893074661493, 5103657.183404243551195 ], [ 664092.03913434187416, 5103657.500867282040417 ] ] } },
{ "type": "Feature", "properties": { "id": 81, "zona": "S. GIUSEPPE_S. CHIARA", "tipologia": "Metallo 4 posti", "n_posti": 4, "fumetto": null, "anno": 2022, "nr_moduli": 1, "tot_bici": 4, "foto": "81.jpg", "codice_via": 1060, "civico": 21, "barra": null, "edificio": null, "Tipo_generale": "Rastr_tradizionale", "categoria": null, "provenienza": "Esistente al 2023" }, "geometry": { "type": "LineString", "coordinates": [ [ 664100.336776459822431, 5103032.436514141969383 ], [ 664103.485610301257111, 5103032.877350879833102 ] ] } },
{ "type": "Feature", "properties": { "id": 83, "zona": "S. GIUSEPPE_S. CHIARA", "tipologia": "Archetto", "n_posti": 2, "fumetto": null, "anno": 2022, "nr_moduli": 15, "tot_bici": 30, "foto": "83.jpg", "codice_via": 2880, "civico": 103, "barra": null, "edificio": "SCUOLA PRIMARIA \"D. SAVIO\"", "Tipo_generale": "Rastr_bloccatelaio", "categoria": "SCUOLA", "provenienza": "Esistente al 2023" }, "geometry": { "type": "LineString", "coordinates": [ [ 664071.768845274113119, 5102149.204775151796639 ], [ 664078.035575457033701, 5102149.916903581470251 ] ] } },
{ "type": "Feature", "properties": { "id": 84, "zona": "S. GIUSEPPE_S. CHIARA", "tipologia": "Archetto", "n_posti": 2, "fumetto": null, "anno": 2022, "nr_moduli": 12, "tot_bici": 24, "foto": "84.jpg", "codice_via": 3530, "civico": 4, "barra": null, "edificio": null, "Tipo_generale": "Rastr_bloccatelaio", "categoria": null, "provenienza": "Esistente al 2023" }, "geometry": { "type": "LineString", "coordinates": [ [ 663952.74229168635793, 5102370.201041613705456 ], [ 663954.792812521802261, 5102359.749999935738742 ] ] } },
{ "type": "Feature", "properties": { "id": 92, "zona": "CENTRO STORICO_PIEDICASTELLO", "tipologia": "Metallo 4 posti", "n_posti": 4, "fumetto": null, "anno": 2022, "nr_moduli": 3, "tot_bici": 12, "foto": "92.jpg", "codice_via": 400, "civico": 230, "barra": null, "edificio": null, "Tipo_generale": "Rastr_tradizionale", "categoria": null, "provenienza": "Esistente al 2023" }, "geometry": { "type": "LineString", "coordinates": [ [ 663895.115843406994827, 5105585.597048779949546 ], [ 663897.033689214964397, 5105580.848097255453467 ] ] } },
{ "type": "Feature", "properties": { "id": 96, "zona": "S. GIUSEPPE_ S. CHIARA", "tipologia": "Rotonda 3 posti ", "n_posti": 3, "fumetto": null, "anno": 2022, "nr_moduli": 1, "tot_bici": 3, "foto": "96.jpg", "codice_via": 3510, "civico": 48, "barra": null, "edificio": null, "Tipo_generale": "Rastr_tradizionale", "categoria": null, "provenienza": "Esistente al 2023" }, "geometry": { "type": "LineString", "coordinates": [ [ 664086.800994211924262, 5102678.762320573441684 ], [ 664088.348626523045823, 5102679.238515130244195 ] ] } },
{ "type": "Feature", "properties": { "id": 54, "zona": "CENTRO STORICO _PIEDICASTELLO", "tipologia": "Metallo 4 posti", "n_posti": 4, "fumetto": null, "anno": 2022, "nr_moduli": 2, "tot_bici": 8, "foto": "54.JPG", "codice_via": 1500, "civico": 1, "barra": null, "edificio": null, "Tipo_generale": "Rastr_tradizionale", "categoria": null, "provenienza": "Esistente al 2023" }, "geometry": { "type": "LineString", "coordinates": [ [ 663771.874555280432105, 5103994.792550591751933 ], [ 663772.804669998586178, 5103995.015778124332428 ] ] } },
{ "type": "Feature", "properties": { "id": 100, "zona": "CENTRO STORICO_PIEDICASTELLO", "tipologia": "Metallo 4 posti", "n_posti": 4, "fumetto": null, "anno": 2022, "nr_moduli": 5, "tot_bici": 20, "foto": "100.jpg", "codice_via": 880, "civico": 13, "barra": null, "edificio": "STAZIONE - TRENTO CENTRO", "Tipo_generale": "Rastr_tradizionale", "categoria": "STAZIONE", "provenienza": "Esistente al 2023" }, "geometry": { "type": "LineString", "coordinates": [ [ 663951.591321130516008, 5104289.759831170551479 ], [ 663953.749187276815064, 5104283.658278618939221 ] ] } },
{ "type": "Feature", "properties": { "id": 101, "zona": "CENTRO STORICO_PIEDICASTELLO", "tipologia": "Dante", "n_posti": 6, "fumetto": null, "anno": 2022, "nr_moduli": 7, "tot_bici": 42, "foto": "101.jpg", "codice_via": 880, "civico": 9, "barra": null, "edificio": "STAZIONE - TRENTO CENTRO", "Tipo_generale": "Rastr_bloccatelaio", "categoria": "STAZIONE", "provenienza": "Esistente al 2023" }, "geometry": { "type": "LineString", "coordinates": [ [ 663925.250472311163321, 5104231.050990160554647 ], [ 663935.221302090212703, 5104253.52256175223738 ] ] } },
{ "type": "Feature", "properties": { "id": 102, "zona": "CENTRO STORICO_PIEDICASTELLO", "tipologia": "Dante", "n_posti": 6, "fumetto": null, "anno": 2022, "nr_moduli": 3, "tot_bici": 18, "foto": "102.jpg", "codice_via": 880, "civico": 9, "barra": null, "edificio": "STAZIONE - TRENTO CENTRO", "Tipo_generale": "Rastr_bloccatelaio", "categoria": "STAZIONE", "provenienza": "Esistente al 2023" }, "geometry": { "type": "LineString", "coordinates": [ [ 663923.167015342391096, 5104226.437621155753732 ], [ 663919.297738114721142, 5104218.178202458657324 ] ] } },
{ "type": "Feature", "properties": { "id": 103, "zona": "CENTRO STORICO_PIEDICASTELLO", "tipologia": "Foti 6 posti", "n_posti": 6, "fumetto": null, "anno": 2022, "nr_moduli": 1, "tot_bici": 6, "foto": "103.jpg", "codice_via": 880, "civico": 1, "barra": null, "edificio": "STAZIONE - TRENTO CENTRO", "Tipo_generale": "Rastr_bloccatelaio", "categoria": "STAZIONE", "provenienza": "Esistente al 2023" }, "geometry": { "type": "LineString", "coordinates": [ [ 663889.943317608791403, 5104188.526145244017243 ], [ 663890.761818560771644, 5104186.442688275128603 ] ] } },
{ "type": "Feature", "properties": { "id": 104, "zona": "CENTRO STORICO_PIEDICASTELLO", "tipologia": "Foti 4 posti", "n_posti": 4, "fumetto": null, "anno": 2022, "nr_moduli": 1, "tot_bici": 4, "foto": "104.jpg", "codice_via": 880, "civico": 1, "barra": null, "edificio": "STAZIONE - TRENTO CENTRO", "Tipo_generale": "Rastr_bloccatelaio", "categoria": "STAZIONE", "provenienza": "Esistente al 2023" }, "geometry": { "type": "LineString", "coordinates": [ [ 663890.826926591224037, 5104186.256665332242846 ], [ 663891.198972478508949, 5104185.289346025325358 ] ] } },
{ "type": "Feature", "properties": { "id": 107, "zona": "CENTRO STORICO_PIEDICASTELLO", "tipologia": "Archetto", "n_posti": 2, "fumetto": null, "anno": 2022, "nr_moduli": 7, "tot_bici": 14, "foto": "107.jpg", "codice_via": 2650, "civico": 17, "barra": null, "edificio": null, "Tipo_generale": "Rastr_bloccatelaio", "categoria": null, "provenienza": "Esistente al 2023" }, "geometry": { "type": "LineString", "coordinates": [ [ 664179.88797871209681, 5104338.748973371461034 ], [ 664185.989531263476238, 5104335.9214246282354 ] ] } },
{ "type": "Feature", "properties": { "id": 87, "zona": "S. GIUSEPPE_S. CHIARA", "tipologia": "Metallo 4 posti", "n_posti": 4, "fumetto": null, "anno": 2022, "nr_moduli": 1, "tot_bici": 4, "foto": "87.jpg", "codice_via": 1810, "civico": 4, "barra": null, "edificio": null, "Tipo_generale": "Rastr_tradizionale", "categoria": null, "provenienza": "Sostituzione prevista nel 2026" }, "geometry": { "type": "LineString", "coordinates": [ [ 663915.720934577286243, 5102511.939220847561955 ], [ 663918.763642913778313, 5102514.981929183937609 ] ] } },
{ "type": "Feature", "properties": { "id": 94, "zona": "S. GIUSEPPE_S. CHIARA", "tipologia": "Metallo 3 posti", "n_posti": 3, "fumetto": null, "anno": 2022, "nr_moduli": 1, "tot_bici": 3, "foto": "94.jpg", "codice_via": 3510, "civico": 50, "barra": null, "edificio": null, "Tipo_generale": "Rastr_tradizionale", "categoria": null, "provenienza": "Sostituzione prevista nel 2026" }, "geometry": { "type": "LineString", "coordinates": [ [ 664085.888287977315485, 5102694.913252641446888 ], [ 664086.84067709185183, 5102691.738622259348631 ] ] } },
{ "type": "Feature", "properties": { "id": 106, "zona": "CENTRO STORICO_PIEDICASTELLO", "tipologia": "Metallo 4 posti", "n_posti": 4, "fumetto": null, "anno": 2022, "nr_moduli": 2, "tot_bici": 8, "foto": "106.jpg", "codice_via": 2650, "civico": 3, "barra": null, "edificio": null, "Tipo_generale": "Rastr_tradizionale", "categoria": null, "provenienza": "Sostituzione prevista nel 2027" }, "geometry": { "type": "LineString", "coordinates": [ [ 664064.553753656102344, 5104385.180300108157098 ], [ 664067.45571157685481, 5104383.76652573607862 ] ] } },
{ "type": "Feature", "properties": { "id": 105, "zona": "CENTRO STORICO_PIEDICASTELLO", "tipologia": "Metallo 4 posti", "n_posti": 4, "fumetto": null, "anno": 2022, "nr_moduli": 2, "tot_bici": 8, "foto": "105.jpg", "codice_via": 3310, "civico": 40, "barra": null, "edificio": null, "Tipo_generale": "Rastr_tradizionale", "categoria": null, "provenienza": "Sostituzione prevista nel 2027" }, "geometry": { "type": "LineString", "coordinates": [ [ 664222.077982330345549, 5104142.085517359897494 ], [ 664224.012620944180526, 5104143.350473376922309 ] ] } },
{ "type": "Feature", "properties": { "id": 85, "zona": "S. GIUSEPPE_S. CHIARA", "tipologia": "Metallo 4 posti", "n_posti": 4, "fumetto": null, "anno": 2022, "nr_moduli": 1, "tot_bici": 4, "foto": "85.jpg", "codice_via": 1350, "civico": 54, "barra": null, "edificio": null, "Tipo_generale": "Rastr_tradizionale", "categoria": null, "provenienza": "Sostituzione prevista nel 2026" }, "geometry": { "type": "LineString", "coordinates": [ [ 663810.482123780762777, 5102774.440281706862152 ], [ 663809.927663414971903, 5102770.780843292362988 ] ] } },
{ "type": "Feature", "properties": { "id": 86, "zona": "S. GIUSEPPE_S. CHIARA", "tipologia": "Metallo 4 posti", "n_posti": 4, "fumetto": null, "anno": 2022, "nr_moduli": 1, "tot_bici": 4, "foto": "86.jpg", "codice_via": 1350, "civico": 54, "barra": null, "edificio": null, "Tipo_generale": "Rastr_tradizionale", "categoria": null, "provenienza": "Sostituzione prevista nel 2026" }, "geometry": { "type": "LineString", "coordinates": [ [ 663812.977195427054539, 5102774.329389633610845 ], [ 663812.367289024638012, 5102770.947181401774287 ] ] } },
{ "type": "Feature", "properties": { "id": 88, "zona": "S. GIUSEPPE_S. CHIARA", "tipologia": "Rotonda 6 posti", "n_posti": 6, "fumetto": null, "anno": 2022, "nr_moduli": 1, "tot_bici": 6, "foto": "88.jpg", "codice_via": 1350, "civico": 35, "barra": null, "edificio": null, "Tipo_generale": "Rastr_tradizionale", "categoria": null, "provenienza": "Sostituzione prevista nel 2026" }, "geometry": { "type": "LineString", "coordinates": [ [ 663923.97076455457136, 5102863.468382627703249 ], [ 663924.747009066748433, 5102860.723803816363215 ] ] } },
{ "type": "Feature", "properties": { "id": 108, "zona": "CENTRO STORICO_PIEDICASTELLO", "tipologia": "Archetto", "n_posti": 2, "fumetto": null, "anno": 2022, "nr_moduli": 3, "tot_bici": 6, "foto": "108.jpg", "codice_via": 2650, "civico": 17, "barra": null, "edificio": null, "Tipo_generale": "Rastr_bloccatelaio", "categoria": null, "provenienza": "Esistente al 2023" }, "geometry": { "type": "LineString", "coordinates": [ [ 664191.942265459918417, 5104333.540330950170755 ], [ 664195.067450913134962, 5104332.349784110672772 ] ] } },
{ "type": "Feature", "properties": { "id": 109, "zona": "CENTRO STORICO_PIEDICASTELLO", "tipologia": "Metallo 5 posti", "n_posti": 5, "fumetto": null, "anno": 2022, "nr_moduli": 1, "tot_bici": 5, "foto": "109.jpg", "codice_via": 1730, "civico": 16, "barra": null, "edificio": null, "Tipo_generale": "Rastr_tradizionale", "categoria": null, "provenienza": "Esistente al 2023" }, "geometry": { "type": "LineString", "coordinates": [ [ 664311.966593982535414, 5104342.401998930610716 ], [ 664312.115412337472662, 5104344.411046721972525 ] ] } },
{ "type": "Feature", "properties": { "id": 110, "zona": "CENTRO STORICO_PIEDICASTELLO", "tipologia": "Metallo 5 posti", "n_posti": 5, "fumetto": null, "anno": 2022, "nr_moduli": 1, "tot_bici": 5, "foto": "110.jpg", "codice_via": 1730, "civico": 16, "barra": null, "edificio": null, "Tipo_generale": "Rastr_tradizionale", "categoria": null, "provenienza": "Esistente al 2023" }, "geometry": { "type": "LineString", "coordinates": [ [ 664312.933913288987242, 5104349.247643256559968 ], [ 664313.231549998745322, 5104351.777555289678276 ] ] } },
{ "type": "Feature", "properties": { "id": 114, "zona": "CENTRO STORICO_PIEDICASTELLO", "tipologia": "Metallo 5 posti", "n_posti": 5, "fumetto": null, "anno": 2022, "nr_moduli": 3, "tot_bici": 15, "foto": "114.jpg", "codice_via": 3640, "civico": 12, "barra": null, "edificio": null, "Tipo_generale": "Rastr_tradizionale", "categoria": null, "provenienza": "Esistente al 2023" }, "geometry": { "type": "LineString", "coordinates": [ [ 664376.633541578310542, 5104538.073958554305136 ], [ 664377.586041579255834, 5104542.201458558440208 ] ] } },
{ "type": "Feature", "properties": { "id": 115, "zona": "CENTRO STORICO_PIEDICASTELLO", "tipologia": "Metallo 5 posti", "n_posti": 5, "fumetto": null, "anno": 2022, "nr_moduli": 2, "tot_bici": 10, "foto": "115.jpg", "codice_via": 3640, "civico": 12, "barra": null, "edificio": null, "Tipo_generale": "Rastr_tradizionale", "categoria": null, "provenienza": "Esistente al 2023" }, "geometry": { "type": "LineString", "coordinates": [ [ 664378.062291579786688, 5104545.482291894964874 ], [ 664380.813958249171264, 5104545.852708562277257 ] ] } },
{ "type": "Feature", "properties": { "id": 116, "zona": "CENTRO STORICO_PIEDICASTELLO", "tipologia": "Rotonda 6 posti", "n_posti": 6, "fumetto": null, "anno": 2022, "nr_moduli": 1, "tot_bici": 6, "foto": "116.jpg", "codice_via": 1730, "civico": 49, "barra": null, "edificio": null, "Tipo_generale": "Rastr_tradizionale", "categoria": null, "provenienza": "Esistente al 2023" }, "geometry": { "type": "LineString", "coordinates": [ [ 664320.197916520875879, 5104298.282083312980831 ], [ 664320.197916520875879, 5104297.488333311863244 ] ] } },
{ "type": "Feature", "properties": { "id": 117, "zona": "CENTRO STORICO_PIEDICASTELLO", "tipologia": "Metallo 4 posti", "n_posti": 4, "fumetto": null, "anno": 2022, "nr_moduli": 2, "tot_bici": 8, "foto": "117.jpg", "codice_via": 1660, "civico": 53, "barra": null, "edificio": null, "Tipo_generale": "Rastr_tradizionale", "categoria": null, "provenienza": "Esistente al 2023" }, "geometry": { "type": "LineString", "coordinates": [ [ 664313.027708180015907, 5104744.237292101606727 ], [ 664312.842499846592546, 5104742.861458767205477 ] ] } },
{ "type": "Feature", "properties": { "id": 118, "zona": "CENTRO STORICO_PIEDICASTELLO", "tipologia": "Archetto", "n_posti": 2, "fumetto": null, "anno": 2022, "nr_moduli": 7, "tot_bici": 14, "foto": "118.jpg", "codice_via": 3150, "civico": 78, "barra": null, "edificio": null, "Tipo_generale": "Rastr_bloccatelaio", "categoria": null, "provenienza": "Esistente al 2023" }, "geometry": { "type": "LineString", "coordinates": [ [ 664100.476909216609783, 5105362.761450847610831 ], [ 664100.56734297319781, 5105361.081966795958579 ] ] } },
{ "type": "Feature", "properties": { "id": 121, "zona": "CENTRO STORICO_PIEDICASTELLO", "tipologia": "Archetto", "n_posti": 2, "fumetto": null, "anno": 2022, "nr_moduli": 4, "tot_bici": 8, "foto": "121.jpg", "codice_via": 1415, "civico": 17, "barra": null, "edificio": null, "Tipo_generale": "Rastr_bloccatelaio", "categoria": null, "provenienza": "Esistente al 2023" }, "geometry": { "type": "LineString", "coordinates": [ [ 663759.141154472599737, 5106553.683591556735337 ], [ 663759.709595228428952, 5106552.029945721849799 ] ] } },
{ "type": "Feature", "properties": { "id": 130, "zona": "S. GIUSEPPE_S. CHIARA", "tipologia": "Verona 90", "n_posti": 6, "fumetto": null, "anno": 2022, "nr_moduli": 2, "tot_bici": 12, "foto": "130.JPG", "codice_via": 1400, "civico": 2, "barra": null, "edificio": null, "Tipo_generale": "Rastr_bloccatelaio", "categoria": null, "provenienza": "Esistente al 2023" }, "geometry": { "type": "LineString", "coordinates": [ [ 664541.454101886949502, 5103713.728198055177927 ], [ 664551.651385397883132, 5103710.982775571756065 ] ] } },
{ "type": "Feature", "properties": { "id": 131, "zona": "CENTRO STORICO_PIEDICASTELLO", "tipologia": "Metallo 4 posti", "n_posti": 4, "fumetto": null, "anno": 2022, "nr_moduli": 5, "tot_bici": 20, "foto": "131.jpg", "codice_via": 2750, "civico": 2, "barra": null, "edificio": null, "Tipo_generale": "Rastr_tradizionale", "categoria": null, "provenienza": "Esistente al 2023" }, "geometry": { "type": "LineString", "coordinates": [ [ 664435.65728546178434, 5103704.805574986152351 ], [ 664433.500167796039023, 5103697.64786636736244 ] ] } },
{ "type": "Feature", "properties": { "id": 135, "zona": "S. GIUSEPPE_S. CHIARA", "tipologia": "Metallo 4 posti", "n_posti": 4, "fumetto": null, "anno": 2022, "nr_moduli": 2, "tot_bici": 8, "foto": "135.jpg", "codice_via": 210, "civico": 2, "barra": null, "edificio": null, "Tipo_generale": "Rastr_tradizionale", "categoria": null, "provenienza": "Esistente al 2023" }, "geometry": { "type": "LineString", "coordinates": [ [ 664412.958524569869041, 5103517.111825363710523 ], [ 664415.507845447631553, 5103516.229368137195706 ] ] } },
{ "type": "Feature", "properties": { "id": 136, "zona": "S. GIUSEPPE_S. CHIARA", "tipologia": "Bronzetti 5 posti", "n_posti": 5, "fumetto": null, "anno": 2022, "nr_moduli": 2, "tot_bici": 10, "foto": "136.jpg", "codice_via": 210, "civico": 24, "barra": null, "edificio": null, "Tipo_generale": "Rastr_tradizionale", "categoria": null, "provenienza": "Esistente al 2023" }, "geometry": { "type": "LineString", "coordinates": [ [ 664651.246488534263335, 5103433.082287203520536 ], [ 664658.796400364488363, 5103430.729067931883037 ] ] } },
{ "type": "Feature", "properties": { "id": 137, "zona": "S. GIUSEPPE_S. CHIARA", "tipologia": "Verona 90", "n_posti": 6, "fumetto": null, "anno": 2022, "nr_moduli": 2, "tot_bici": 12, "foto": "137.jpg", "codice_via": 1920, "civico": 36, "barra": null, "edificio": "OSPEDALE \"S. CAMILLO\"", "Tipo_generale": "Rastr_bloccatelaio", "categoria": null, "provenienza": "Esistente al 2023" }, "geometry": { "type": "LineString", "coordinates": [ [ 664879.410707090166397, 5103508.924583312124014 ], [ 664883.577866217121482, 5103506.571364040486515 ] ] } },
{ "type": "Feature", "properties": { "id": 151, "zona": "S. GIUSEPPE_S. CHIARA", "tipologia": "Archetto Venezia", "n_posti": 3, "fumetto": null, "anno": 2022, "nr_moduli": 1, "tot_bici": 3, "foto": "151.jpg", "codice_via": 1400, "civico": 1, "barra": null, "edificio": null, "Tipo_generale": "Rastr_bloccatelaio", "categoria": null, "provenienza": "Esistente al 2023" }, "geometry": { "type": "LineString", "coordinates": [ [ 664581.697828339296393, 5103760.04494612198323 ], [ 664580.545731404097751, 5103760.755814443342388 ] ] } },
{ "type": "Feature", "properties": { "id": 152, "zona": "S. GIUSEPPE_S. CHIARA", "tipologia": "Archetto Venezia", "n_posti": 3, "fumetto": null, "anno": 2022, "nr_moduli": 1, "tot_bici": 3, "foto": "152.jpg", "codice_via": 1400, "civico": 1, "barra": null, "edificio": null, "Tipo_generale": "Rastr_bloccatelaio", "categoria": null, "provenienza": "Esistente al 2023" }, "geometry": { "type": "LineString", "coordinates": [ [ 664586.318472430109978, 5103767.319090068340302 ], [ 664585.362477100919932, 5103767.931907587684691 ] ] } },
{ "type": "Feature", "properties": { "id": 153, "zona": "S. GIUSEPP_S. CHIARA", "tipologia": "Verona 90", "n_posti": 6, "fumetto": null, "anno": 2022, "nr_moduli": 1, "tot_bici": 6, "foto": "153.jpg", "codice_via": 1400, "civico": 5, "barra": null, "edificio": null, "Tipo_generale": "Rastr_bloccatelaio", "categoria": null, "provenienza": "Esistente al 2023" }, "geometry": { "type": "LineString", "coordinates": [ [ 664615.130930412909947, 5103715.416015612892807 ], [ 664617.189997275592759, 5103714.288431379012764 ] ] } },
{ "type": "Feature", "properties": { "id": 154, "zona": "CENTRO STORICO_PIEDICASTELLO", "tipologia": "Rotonda 5 posti", "n_posti": 5, "fumetto": null, "anno": 2022, "nr_moduli": 1, "tot_bici": 5, "foto": "154.jpg", "codice_via": 2495, "civico": 60, "barra": null, "edificio": null, "Tipo_generale": "Rastr_tradizionale", "categoria": null, "provenienza": "Esistente al 2023" }, "geometry": { "type": "LineString", "coordinates": [ [ 663946.207556655630469, 5105779.916973325423896 ], [ 663946.930369654088281, 5105779.940289873629808 ] ] } },
{ "type": "Feature", "properties": { "id": 156, "zona": "CENTRO STORICO_PIEDICASTELLO", "tipologia": "Spirale", "n_posti": 6, "fumetto": null, "anno": 2022, "nr_moduli": 2, "tot_bici": 12, "foto": "156.jpg", "codice_via": 3690, "civico": 16, "barra": null, "edificio": null, "Tipo_generale": "Rastr_tradizionale", "categoria": null, "provenienza": "Esistente al 2023" }, "geometry": { "type": "LineString", "coordinates": [ [ 663573.0772054286208, 5103656.677106692455709 ], [ 663574.662730715703219, 5103661.57358184363693 ] ] } },
{ "type": "Feature", "properties": { "id": 157, "zona": "CENTRO STORICO_PIEDICASTELLO", "tipologia": "Spirale", "n_posti": 6, "fumetto": null, "anno": 2022, "nr_moduli": 3, "tot_bici": 18, "foto": "157.jpg", "codice_via": 3690, "civico": 1, "barra": "A", "edificio": null, "Tipo_generale": "Rastr_tradizionale", "categoria": null, "provenienza": "Esistente al 2023" }, "geometry": { "type": "LineString", "coordinates": [ [ 663581.727644862607121, 5103635.365781513042748 ], [ 663584.339098276570439, 5103633.87352241948247 ], [ 663587.416882657445967, 5103633.127392873167992 ], [ 663590.774465618422255, 5103633.22065906599164 ] ] } },
{ "type": "Feature", "properties": { "id": 158, "zona": "CENTRO STORICO_PIEDICASTELLO", "tipologia": "Spirale", "n_posti": 6, "fumetto": null, "anno": 2022, "nr_moduli": 1, "tot_bici": 6, "foto": "158.jpg", "codice_via": 3440, "civico": 27, "barra": null, "edificio": null, "Tipo_generale": "Rastr_tradizionale", "categoria": null, "provenienza": "Esistente al 2023" }, "geometry": { "type": "LineString", "coordinates": [ [ 663541.016951461439021, 5103587.753389803692698 ], [ 663542.649109845166095, 5103587.84665599744767 ] ] } },
{ "type": "Feature", "properties": { "id": 150, "zona": "S. GIUSEPPE_S. CHIARA", "tipologia": "Metallo 4 posti", "n_posti": 4, "fumetto": null, "anno": 2022, "nr_moduli": 3, "tot_bici": 12, "foto": "150.jpg", "codice_via": 1400, "civico": 1, "barra": null, "edificio": null, "Tipo_generale": "Rastr_tradizionale", "categoria": null, "provenienza": "Sostituzione prevista nel 2026" }, "geometry": { "type": "LineString", "coordinates": [ [ 664585.889500166988, 5103757.373061739839613 ], [ 664581.795879142126068, 5103759.946895318105817 ] ] } },
{ "type": "Feature", "properties": { "id": 149, "zona": "S. GIUSPPE_S. CHIARA", "tipologia": "Metallo 4 posti", "n_posti": 4, "fumetto": null, "anno": 2022, "nr_moduli": 3, "tot_bici": 12, "foto": "149.jpg", "codice_via": 1400, "civico": 1, "barra": null, "edificio": null, "Tipo_generale": "Rastr_tradizionale", "categoria": null, "provenienza": "Sostituzione prevista nel 2026" }, "geometry": { "type": "LineString", "coordinates": [ [ 664590.825748624978587, 5103764.720210906118155 ], [ 664586.395071274833754, 5103767.282853902317584 ] ] } },
{ "type": "Feature", "properties": { "id": 124, "zona": "CENTRO STORICO_PIEDICASTELLO", "tipologia": "Metallo 4 posti", "n_posti": 4, "fumetto": null, "anno": 2022, "nr_moduli": 3, "tot_bici": 12, "foto": "124.jpg", "codice_via": 740, "civico": 11, "barra": null, "edificio": null, "Tipo_generale": "Rastr_tradizionale", "categoria": null, "provenienza": "Sostituzione prevista nel 2026" }, "geometry": { "type": "LineString", "coordinates": [ [ 664556.291610066196881, 5104032.505634011700749 ], [ 664558.323640846414492, 5104037.40641412883997 ] ] } },
{ "type": "Feature", "properties": { "id": 146, "zona": "S. GIUSEPPE_S. CHIARA", "tipologia": "Metallo 4 posti", "n_posti": 4, "fumetto": null, "anno": 2022, "nr_moduli": 1, "tot_bici": 4, "foto": "146.jpg", "codice_via": 2450, "civico": 1, "barra": null, "edificio": null, "Tipo_generale": "Rastr_tradizionale", "categoria": null, "provenienza": "Sostituzione prevista nel 2027" }, "geometry": { "type": "LineString", "coordinates": [ [ 664456.125925080152228, 5103609.025619902648032 ], [ 664454.893092878861353, 5103609.447745999321342 ] ] } },
{ "type": "Feature", "properties": { "id": 145, "zona": "S. GIUSEPPE_S. CHIARA", "tipologia": "Metallo 4 posti", "n_posti": 4, "fumetto": null, "anno": 2022, "nr_moduli": 2, "tot_bici": 8, "foto": "145.jpg", "codice_via": 2450, "civico": 1, "barra": null, "edificio": null, "Tipo_generale": "Rastr_tradizionale", "categoria": null, "provenienza": "Sostituzione prevista nel 2027" }, "geometry": { "type": "LineString", "coordinates": [ [ 664507.53771631559357, 5103591.146309797652066 ], [ 664504.203989013913088, 5103592.371944835409522 ] ] } },
{ "type": "Feature", "properties": { "id": 148, "zona": "S. GIUSEPPE-S. CHIARA", "tipologia": "Metallo 4 posti", "n_posti": 4, "fumetto": null, "anno": 2022, "nr_moduli": 2, "tot_bici": 8, "foto": "148.jpg", "codice_via": 2450, "civico": 1, "barra": null, "edificio": null, "Tipo_generale": "Rastr_tradizionale", "categoria": null, "provenienza": "Sostituzione prevista nel 2027" }, "geometry": { "type": "LineString", "coordinates": [ [ 664445.07629072421696, 5103613.042279740795493 ], [ 664443.458452474791557, 5103613.618328208103776 ] ] } },
{ "type": "Feature", "properties": { "id": 147, "zona": "S. GIUSEPPE_S. CHIARA", "tipologia": "Metallo 4 posti", "n_posti": 4, "fumetto": null, "anno": 2022, "nr_moduli": 3, "tot_bici": 12, "foto": "147.jpg", "codice_via": 2450, "civico": 1, "barra": null, "edificio": null, "Tipo_generale": "Rastr_tradizionale", "categoria": null, "provenienza": "Sostituzione prevista nel 2027" }, "geometry": { "type": "LineString", "coordinates": [ [ 664451.685527663095854, 5103610.60939418990165 ], [ 664447.812520945095457, 5103612.080156235024333 ] ] } },
{ "type": "Feature", "properties": { "id": 160, "zona": "S. GIUSEPPE_S. CHIARA", "tipologia": "Con gancio 9 posti", "n_posti": 9, "fumetto": null, "anno": 2022, "nr_moduli": 1, "tot_bici": 9, "foto": "160.jpg", "codice_via": 1600, "civico": 6, "barra": null, "edificio": "CIMITERO TRENTO", "Tipo_generale": "Rastr_bloccatelaio", "categoria": null, "provenienza": "Esistente al 2023" }, "geometry": { "type": "LineString", "coordinates": [ [ 663809.646904883324169, 5103287.308006177656353 ], [ 663813.097754037589766, 5103287.914236434735358 ], [ 663813.097754037589766, 5103287.914236434735358 ] ] } },
{ "type": "Feature", "properties": { "id": 162, "zona": "S. GIUSEPPE_S. CHIARA", "tipologia": "Con gancio 7 posti", "n_posti": 7, "fumetto": null, "anno": 2022, "nr_moduli": 2, "tot_bici": 14, "foto": "162.jpg", "codice_via": 3842, "civico": 3, "barra": null, "edificio": "BUC", "Tipo_generale": "Rastr_bloccatelaio", "categoria": null, "provenienza": "Esistente al 2023" }, "geometry": { "type": "LineString", "coordinates": [ [ 663617.635129305999726, 5102853.713473255746067 ], [ 663611.479560544365086, 5102853.060609902255237 ] ] } },
{ "type": "Feature", "properties": { "id": 163, "zona": "S. GIUSEPPE_S. CHIARA", "tipologia": "Con gancio 5 posti", "n_posti": 5, "fumetto": null, "anno": 2022, "nr_moduli": 2, "tot_bici": 10, "foto": "163.jpg", "codice_via": 3842, "civico": 3, "barra": null, "edificio": "BUC", "Tipo_generale": "Rastr_bloccatelaio", "categoria": null, "provenienza": "Esistente al 2023" }, "geometry": { "type": "LineString", "coordinates": [ [ 663601.873142628464848, 5102852.594278935343027 ], [ 663594.411847159732133, 5102851.475084614939988 ] ] } },
{ "type": "Feature", "properties": { "id": 164, "zona": "S. GIUSEPPE_S. CHIARA", "tipologia": "Con gancio 5 posti", "n_posti": 5, "fumetto": null, "anno": 2022, "nr_moduli": 1, "tot_bici": 5, "foto": "164.jpg", "codice_via": 3842, "civico": 6, "barra": null, "edificio": null, "Tipo_generale": "Rastr_bloccatelaio", "categoria": null, "provenienza": "Esistente al 2023" }, "geometry": { "type": "LineString", "coordinates": [ [ 663572.279771845089272, 5102844.091325347311795 ], [ 663572.576466579223052, 5102842.034958657808602 ] ] } },
{ "type": "Feature", "properties": { "id": 161, "zona": "S. GIUSEPPE_s. CHIARA", "tipologia": "Con gancio 5 posti", "n_posti": 5, "fumetto": null, "anno": 2022, "nr_moduli": 3, "tot_bici": 15, "foto": "161.jpg", "codice_via": 3842, "civico": 14, "barra": null, "edificio": null, "Tipo_generale": "Rastr_bloccatelaio", "categoria": null, "provenienza": "Esistente al 2023" }, "geometry": { "type": "LineString", "coordinates": [ [ 663558.481046168133616, 5102897.0356200709939 ], [ 663559.553607391775586, 5102891.066583695821464 ] ] } },
{ "type": "Feature", "properties": { "id": 165, "zona": "S. GIUSEPPE_S. CHIARA", "tipologia": "Con gancio 5 posti", "n_posti": 5, "fumetto": null, "anno": 2022, "nr_moduli": 1, "tot_bici": 5, "foto": "165.jpg", "codice_via": 3842, "civico": 6, "barra": null, "edificio": null, "Tipo_generale": "Rastr_bloccatelaio", "categoria": null, "provenienza": "Esistente al 2023" }, "geometry": { "type": "LineString", "coordinates": [ [ 663574.912169177434407, 5102823.352330410853028 ], [ 663574.585518579580821, 5102825.297514350153506 ] ] } },
{ "type": "Feature", "properties": { "id": 166, "zona": "S. GIUSEPPE_S. CHIARA", "tipologia": "Con gancio 5 posti", "n_posti": 5, "fumetto": null, "anno": 2022, "nr_moduli": 1, "tot_bici": 5, "foto": "166.jpg", "codice_via": 4067, "civico": null, "barra": null, "edificio": null, "Tipo_generale": "Rastr_bloccatelaio", "categoria": null, "provenienza": "Esistente al 2023" }, "geometry": { "type": "LineString", "coordinates": [ [ 663520.090349326492287, 5102958.451408398337662 ], [ 663520.078691052389331, 5102957.68196230288595 ] ] } },
{ "type": "Feature", "properties": { "id": 167, "zona": "S. GIUSEPPE_S. CHIARA", "tipologia": "Con gancio 5 posti", "n_posti": 5, "fumetto": null, "anno": 2022, "nr_moduli": 1, "tot_bici": 5, "foto": "167.jpg", "codice_via": 4067, "civico": null, "barra": null, "edificio": null, "Tipo_generale": "Rastr_bloccatelaio", "categoria": null, "provenienza": "Esistente al 2023" }, "geometry": { "type": "LineString", "coordinates": [ [ 663520.34683135827072, 5102953.986289391294122 ], [ 663520.34683135827072, 5102953.321767763234675 ] ] } },
{ "type": "Feature", "properties": { "id": 168, "zona": "S. GIUSEPPE_S. CHIARA", "tipologia": "Michelin", "n_posti": 9, "fumetto": null, "anno": 2022, "nr_moduli": 1, "tot_bici": 9, "foto": "168.jpg", "codice_via": 4067, "civico": null, "barra": null, "edificio": null, "Tipo_generale": "Rastr_tradizionale", "categoria": null, "provenienza": "Esistente al 2023" }, "geometry": { "type": "LineString", "coordinates": [ [ 663378.698800194775686, 5102978.25881621427834 ], [ 663378.605534001369961, 5102973.968571320176125 ] ] } },
{ "type": "Feature", "properties": { "id": 169, "zona": "S. GIUSEPPE_S. CHIARA", "tipologia": "Michelin", "n_posti": 9, "fumetto": null, "anno": 2022, "nr_moduli": 1, "tot_bici": 9, "foto": "169.jpg", "codice_via": 4067, "civico": null, "barra": null, "edificio": null, "Tipo_generale": "Rastr_tradizionale", "categoria": null, "provenienza": "Esistente al 2023" }, "geometry": { "type": "LineString", "coordinates": [ [ 663376.460411554318853, 5102843.395900617353618 ], [ 663376.367145360913128, 5102840.318116237409413 ] ] } },
{ "type": "Feature", "properties": { "id": 170, "zona": "S. GIUSEPPE_S. CHIARA", "tipologia": "Con gancio doppia", "n_posti": 5, "fumetto": null, "anno": 2022, "nr_moduli": 1, "tot_bici": 5, "foto": "170.jpg", "codice_via": 3844, "civico": 1, "barra": null, "edificio": null, "Tipo_generale": "Rastr_bloccatelaio", "categoria": null, "provenienza": "Esistente al 2023" }, "geometry": { "type": "LineString", "coordinates": [ [ 663474.697460527182557, 5102834.311864352785051 ], [ 663476.781040090718307, 5102834.48345325794071 ] ] } },
{ "type": "Feature", "properties": { "id": 178, "zona": "CENTRO STORICO_PIEDICASTELLO", "tipologia": "3 posti doppia", "n_posti": 6, "fumetto": null, "anno": 2022, "nr_moduli": 1, "tot_bici": 6, "foto": "178.jpg", "codice_via": 1520, "civico": 83, "barra": null, "edificio": null, "Tipo_generale": "Rastr_tradizionale", "categoria": null, "provenienza": "Esistente al 2023" }, "geometry": { "type": "LineString", "coordinates": [ [ 663708.602247190079652, 5104471.066258427686989 ], [ 663709.778856826014817, 5104471.164309231564403 ] ] } },
{ "type": "Feature", "properties": { "id": 181, "zona": "CENTRO STORICO-PIEDICASTELLO", "tipologia": "Metallo 4 posti", "n_posti": 4, "fumetto": null, "anno": 2022, "nr_moduli": 2, "tot_bici": 8, "foto": "181.jpg", "codice_via": 480, "civico": 55, "barra": null, "edificio": null, "Tipo_generale": "Rastr_tradizionale", "categoria": null, "provenienza": "Esistente al 2023" }, "geometry": { "type": "LineString", "coordinates": [ [ 663819.387398217571899, 5104445.334050823003054 ], [ 663820.171804641489871, 5104447.760808196850121 ] ] } },
{ "type": "Feature", "properties": { "id": 185, "zona": "CENTRO STORICO_PIEDICASTELLO", "tipologia": "Archetto", "n_posti": 2, "fumetto": null, "anno": 2022, "nr_moduli": 5, "tot_bici": 10, "foto": "185.jpg", "codice_via": 480, "civico": 46, "barra": null, "edificio": "SCUOLA SECONDARIA \"A. MANZONI\"", "Tipo_generale": "Rastr_bloccatelaio", "categoria": "SCUOLA", "provenienza": "Esistente al 2023" }, "geometry": { "type": "LineString", "coordinates": [ [ 663763.437158762011677, 5104341.400199658237398 ], [ 663767.94749569951091, 5104339.904924912378192 ] ] } },
{ "type": "Feature", "properties": { "id": 187, "zona": "CENTRO STORICO_PIEDICASTELLO", "tipologia": "Androna", "n_posti": 4, "fumetto": null, "anno": 2022, "nr_moduli": 1, "tot_bici": 4, "foto": "187.jpg", "codice_via": 480, "civico": 72, "barra": null, "edificio": null, "Tipo_generale": "Rastr_tradizionale", "categoria": null, "provenienza": "Esistente al 2023" }, "geometry": { "type": "LineString", "coordinates": [ [ 663712.793919018120505, 5104154.686958068050444 ], [ 663714.068579456885345, 5104153.951577045954764 ] ] } },
{ "type": "Feature", "properties": { "id": 188, "zona": "CENTRO STORICO_PIEDICASTELLO", "tipologia": "Androna", "n_posti": 4, "fumetto": null, "anno": 2022, "nr_moduli": 1, "tot_bici": 4, "foto": "188.jpg", "codice_via": 480, "civico": 72, "barra": null, "edificio": null, "Tipo_generale": "Rastr_tradizionale", "categoria": null, "provenienza": "Esistente al 2023" }, "geometry": { "type": "LineString", "coordinates": [ [ 663715.441290698829107, 5104155.961618507280946 ], [ 663716.470824130228721, 5104155.324288288131356 ] ] } },
{ "type": "Feature", "properties": { "id": 191, "zona": "CENTRO STORICO_PIEDICASTELLO", "tipologia": "Verona 45", "n_posti": 6, "fumetto": null, "anno": 2022, "nr_moduli": 1, "tot_bici": 6, "foto": "191.jpg", "codice_via": 3190, "civico": 3, "barra": null, "edificio": "SCUOLA PRIMARIA \"B. S. BELLESINI\"", "Tipo_generale": "Rastr_bloccatelaio", "categoria": "SCUOLA", "provenienza": "Esistente al 2023" }, "geometry": { "type": "LineString", "coordinates": [ [ 663982.358013640390709, 5104810.968781189061701 ], [ 663983.583648677798919, 5104810.576577977277339 ] ] } },
{ "type": "Feature", "properties": { "id": 197, "zona": "CENTRO STORICO_PIEDICASTELLO", "tipologia": "Metallo 5 posti", "n_posti": 5, "fumetto": null, "anno": 2022, "nr_moduli": 1, "tot_bici": 5, "foto": "197.jpg", "codice_via": 2070, "civico": 3, "barra": null, "edificio": null, "Tipo_generale": "Rastr_tradizionale", "categoria": null, "provenienza": "Esistente al 2023" }, "geometry": { "type": "LineString", "coordinates": [ [ 663767.209050589241087, 5105010.547904660925269 ], [ 663768.483711028122343, 5105009.27324422262609 ] ] } },
{ "type": "Feature", "properties": { "id": 199, "zona": "CENTRO STORICO_PIEDICASTELLO", "tipologia": "Maccani", "n_posti": 10, "fumetto": null, "anno": 2022, "nr_moduli": 3, "tot_bici": 30, "foto": "199.jpg", "codice_via": 1570, "civico": 146, "barra": null, "edificio": "UFFICI COMUNALI", "Tipo_generale": "Rastr_tradizionale", "categoria": null, "provenienza": "Esistente al 2023" }, "geometry": { "type": "LineString", "coordinates": [ [ 663107.54220855794847, 5106285.935767109505832 ], [ 663111.464240677421913, 5106271.816451479680836 ] ] } },
{ "type": "Feature", "properties": { "id": 200, "zona": "CENTRO STORICO_PIEDICASTELLO", "tipologia": "Archetto", "n_posti": 2, "fumetto": null, "anno": 2022, "nr_moduli": 12, "tot_bici": 24, "foto": "200.jpg", "codice_via": 3650, "civico": 6, "barra": null, "edificio": "SCUOLA PRIMARIA \"A. SCHMID\"", "Tipo_generale": "Rastr_bloccatelaio", "categoria": "SCUOLA", "provenienza": "Esistente al 2023" }, "geometry": { "type": "LineString", "coordinates": [ [ 663696.484356712200679, 5105366.072158868424594 ], [ 663697.26876313611865, 5105364.111142808571458 ] ] } },
{ "type": "Feature", "properties": { "id": 202, "zona": "CENTRO STORICO_PIEDICASTELLO", "tipologia": "4 posti doppia", "n_posti": 8, "fumetto": null, "anno": 2022, "nr_moduli": 1, "tot_bici": 8, "foto": "202.jpg", "codice_via": 1010, "civico": null, "barra": null, "edificio": "PIAZZALE \"ZUFFO\"", "Tipo_generale": "Rastr_tradizionale", "categoria": null, "provenienza": "Esistente al 2023" }, "geometry": { "type": "LineString", "coordinates": [ [ 663116.663914496311918, 5104542.836387664079666 ], [ 663118.183701912639663, 5104542.787362263537943 ] ] } },
{ "type": "Feature", "properties": { "id": 203, "zona": "CENTRO STORICO_PIEDICASTELLO", "tipologia": "Metallo 4 posti", "n_posti": 4, "fumetto": null, "anno": 2022, "nr_moduli": 2, "tot_bici": 8, "foto": "203.jpg", "codice_via": 960, "civico": 5, "barra": null, "edificio": null, "Tipo_generale": "Rastr_tradizionale", "categoria": null, "provenienza": "Esistente al 2023" }, "geometry": { "type": "LineString", "coordinates": [ [ 663176.646492039551958, 5104110.015639121644199 ], [ 663175.911111031658947, 5104108.839029509574175 ] ] } },
{ "type": "Feature", "properties": { "id": 175, "zona": "CENTRO STORICO_PIEDICASTELLO", "tipologia": "Gar 8 posti", "n_posti": 8, "fumetto": null, "anno": 2022, "nr_moduli": 1, "tot_bici": 8, "foto": "175.jpg", "codice_via": 1220, "civico": 14, "barra": null, "edificio": "FACOLTA' LETTERE", "Tipo_generale": "Rastr_bloccatelaio", "categoria": "SCUOLA", "provenienza": "Sostituzione prevista nel 2026" }, "geometry": { "type": "LineString", "coordinates": [ [ 663741.361887736362405, 5103713.084056067280471 ], [ 663741.898155023809522, 5103709.721689788624644 ] ] } },
{ "type": "Feature", "properties": { "id": 119, "zona": "S. GIUSEPPE_S. CHIARA", "tipologia": "Metallo 4 posti", "n_posti": 4, "fumetto": null, "anno": 2022, "nr_moduli": 1, "tot_bici": 4, "foto": "119.jpg", "codice_via": 1220, "civico": 29, "barra": null, "edificio": null, "Tipo_generale": "Rastr_tradizionale", "categoria": null, "provenienza": "Sostituzione prevista nel 2027" }, "geometry": { "type": "LineString", "coordinates": [ [ 663747.290949188289233, 5103713.839823520742357 ], [ 663747.315461889025755, 5103713.030904395505786 ] ] } },
{ "type": "Feature", "properties": { "id": 120, "zona": "S. GIUSEPPE_S. CHIARA", "tipologia": "Metallo 4 posti", "n_posti": 4, "fumetto": null, "anno": 2022, "nr_moduli": 1, "tot_bici": 4, "foto": "120.jpg", "codice_via": 1220, "civico": 31, "barra": null, "edificio": null, "Tipo_generale": "Rastr_tradizionale", "categoria": null, "provenienza": "Sostituzione prevista nel 2027" }, "geometry": { "type": "LineString", "coordinates": [ [ 663751.5316464175703, 5103701.632498547434807 ], [ 663750.992367001133971, 5103701.191269934177399 ] ] } },
{ "type": "Feature", "properties": { "id": 196, "zona": "CENTRO STORICO_PIEDICASTELLO", "tipologia": "Metallo 4 posti", "n_posti": 4, "fumetto": null, "anno": 2022, "nr_moduli": 1, "tot_bici": 4, "foto": "196.jpg", "codice_via": 100, "civico": 18, "barra": "1", "edificio": null, "Tipo_generale": "Rastr_tradizionale", "categoria": null, "provenienza": "Sostituzione prevista nel 2027" }, "geometry": { "type": "LineString", "coordinates": [ [ 663827.951523041003384, 5104907.104307506233454 ], [ 663828.319213552284054, 5104906.601797141134739 ] ] } },
{ "type": "Feature", "properties": { "id": 195, "zona": "CENTRO STORICO_PIEDICASTELLO", "tipologia": "Metallo 4 posti", "n_posti": 4, "fumetto": null, "anno": 2022, "nr_moduli": 1, "tot_bici": 4, "foto": "195.jpg", "codice_via": 1970, "civico": 3, "barra": null, "edificio": null, "Tipo_generale": "Rastr_tradizionale", "categoria": null, "provenienza": "Sostituzione prevista nel 2027" }, "geometry": { "type": "LineString", "coordinates": [ [ 663811.025150482775643, 5104906.239971557632089 ], [ 663811.252598349004984, 5104907.184237033128738 ] ] } },
{ "type": "Feature", "properties": { "id": 198, "zona": "CENTRO STORICO_PIEDICASTELLO", "tipologia": "Metallo 5 posti", "n_posti": 5, "fumetto": null, "anno": 2022, "nr_moduli": 1, "tot_bici": 5, "foto": "198.jpg", "codice_via": 2070, "civico": 3, "barra": null, "edificio": null, "Tipo_generale": "Rastr_tradizionale", "categoria": null, "provenienza": "Sostituzione prevista nel 2027" }, "geometry": { "type": "LineString", "coordinates": [ [ 663754.9036748141516, 5105007.45930436719209 ], [ 663755.639055836596526, 5105009.126168018206954 ] ] } },
{ "type": "Feature", "properties": { "id": 204, "zona": "CENTRO STORICO_PIEDICASTELLO", "tipologia": "Verona 45", "n_posti": 6, "fumetto": null, "anno": 2022, "nr_moduli": 1, "tot_bici": 6, "foto": "204.jpg", "codice_via": 2390, "civico": 28, "barra": null, "edificio": null, "Tipo_generale": "Rastr_bloccatelaio", "categoria": null, "provenienza": "Esistente al 2023" }, "geometry": { "type": "LineString", "coordinates": [ [ 663423.207487632404082, 5104101.154297975823283 ], [ 663424.16348294261843, 5104100.860145572572947 ] ] } },
{ "type": "Feature", "properties": { "id": 205, "zona": "CENTRO STORICO_PIEDICASTELLO", "tipologia": "Verona 90", "n_posti": 6, "fumetto": null, "anno": 2022, "nr_moduli": 1, "tot_bici": 6, "foto": "205.jpg", "codice_via": 2940, "civico": 4, "barra": null, "edificio": null, "Tipo_generale": "Rastr_bloccatelaio", "categoria": null, "provenienza": "Esistente al 2023" }, "geometry": { "type": "LineString", "coordinates": [ [ 663455.319124976638705, 5104091.104090867564082 ], [ 663456.275120286853053, 5104090.809938464313745 ] ] } },
{ "type": "Feature", "properties": { "id": 206, "zona": "CENTRO STORICO_PIEDICASTELLO", "tipologia": "Metallo 4 posti", "n_posti": 4, "fumetto": null, "anno": 2022, "nr_moduli": 1, "tot_bici": 4, "foto": "206.jpg", "codice_via": 2400, "civico": 4, "barra": null, "edificio": "MUSEO GALLERIE PIEDICASTELLO", "Tipo_generale": "Rastr_tradizionale", "categoria": null, "provenienza": "Esistente al 2023" }, "geometry": { "type": "LineString", "coordinates": [ [ 663449.607665815739892, 5104145.528413626365364 ], [ 663449.239975311793387, 5104146.557947037741542 ] ] } },
{ "type": "Feature", "properties": { "id": 207, "zona": "CENTRO STORICO_PIEDICASTELLO", "tipologia": "Metallo 4 posti", "n_posti": 4, "fumetto": null, "anno": 2022, "nr_moduli": 1, "tot_bici": 4, "foto": "207.jpg", "codice_via": 2400, "civico": 4, "barra": null, "edificio": "MUSEO GALLERIE PIEDICASTELLO", "Tipo_generale": "Rastr_tradizionale", "categoria": null, "provenienza": "Esistente al 2023" }, "geometry": { "type": "LineString", "coordinates": [ [ 663449.230783049250022, 5104146.705023234710097 ], [ 663449.010168746928684, 5104147.403635191731155 ] ] } },
{ "type": "Feature", "properties": { "id": 208, "zona": "CENTRO STORICO_PIEDICASTELLO", "tipologia": "Metallo 5 posti", "n_posti": 5, "fumetto": null, "anno": 2022, "nr_moduli": 1, "tot_bici": 5, "foto": "208.jpg", "codice_via": 2400, "civico": 4, "barra": null, "edificio": "MUSEO GALLERIE PIEDICASTELLO", "Tipo_generale": "Rastr_tradizionale", "categoria": null, "provenienza": "Esistente al 2023" }, "geometry": { "type": "LineString", "coordinates": [ [ 663448.973399696522392, 5104147.440404242835939 ], [ 663448.734400868997909, 5104148.286092401482165 ] ] } },
{ "type": "Feature", "properties": { "id": 209, "zona": "CENTRO STORICO_PIEDICASTELLO", "tipologia": "Metallo 4 posti", "n_posti": 4, "fumetto": null, "anno": 2022, "nr_moduli": 1, "tot_bici": 4, "foto": "209.jpg", "codice_via": 2400, "civico": 4, "barra": null, "edificio": "MUSEO GALLERIE PIEDICASTELLO", "Tipo_generale": "Rastr_tradizionale", "categoria": null, "provenienza": "Esistente al 2023" }, "geometry": { "type": "LineString", "coordinates": [ [ 663448.716016343794763, 5104148.322861449792981 ], [ 663448.477017516153865, 5104149.150165083818138 ] ] } },
{ "type": "Feature", "properties": { "id": 210, "zona": "CENTRO STORICO_PIEDICASTELLO", "tipologia": "Verona 90", "n_posti": 6, "fumetto": null, "anno": 2022, "nr_moduli": 1, "tot_bici": 6, "foto": "210.jpg", "codice_via": 430, "civico": 3, "barra": null, "edificio": null, "Tipo_generale": "Rastr_bloccatelaio", "categoria": null, "provenienza": "Esistente al 2023" }, "geometry": { "type": "LineString", "coordinates": [ [ 663433.898089034832083, 5104065.629267116077244 ], [ 663433.714243782917038, 5104066.254340972751379 ] ] } },
{ "type": "Feature", "properties": { "id": 213, "zona": "CENTRO STORICO_PIEDICASTELLO", "tipologia": "Archetto", "n_posti": 2, "fumetto": null, "anno": 2022, "nr_moduli": 4, "tot_bici": 8, "foto": "213.jpg", "codice_via": 2850, "civico": 4, "barra": null, "edificio": null, "Tipo_generale": "Rastr_bloccatelaio", "categoria": null, "provenienza": "Esistente al 2023" }, "geometry": { "type": "LineString", "coordinates": [ [ 663451.099110422073863, 5103916.56064261123538 ], [ 663451.834491429966874, 5103920.605238154530525 ] ] } },
{ "type": "Feature", "properties": { "id": 214, "zona": "GARDOLO", "tipologia": "Metallo 4 posti", "n_posti": 4, "fumetto": null, "anno": 2022, "nr_moduli": 1, "tot_bici": 4, "foto": "214.jpg", "codice_via": 5290, "civico": 103, "barra": null, "edificio": null, "Tipo_generale": "Rastr_tradizionale", "categoria": null, "provenienza": "Esistente al 2023" }, "geometry": { "type": "LineString", "coordinates": [ [ 663317.340043298900127, 5107109.621157706715167 ], [ 663317.400104976259172, 5107108.666342754848301 ] ] } },
{ "type": "Feature", "properties": { "id": 215, "zona": "GARDOLO", "tipologia": "Archetto", "n_posti": 2, "fumetto": null, "anno": 2022, "nr_moduli": 6, "tot_bici": 12, "foto": "215.jpg", "codice_via": 5290, "civico": 15, "barra": "1", "edificio": "SCUOLA SECONDARIA \"S. PEDROLLI\"", "Tipo_generale": "Rastr_bloccatelaio", "categoria": "SCUOLA", "provenienza": "Esistente al 2023" }, "geometry": { "type": "LineString", "coordinates": [ [ 663337.127276480896398, 5107783.336606327444315 ], [ 663337.213139068800956, 5107781.029060021974146 ] ] } },
{ "type": "Feature", "properties": { "id": 216, "zona": "GARDOLO", "tipologia": "Pedrolli", "n_posti": 18, "fumetto": null, "anno": 2022, "nr_moduli": 1, "tot_bici": 18, "foto": "216.jpg", "codice_via": 5290, "civico": 15, "barra": "1", "edificio": "SCUOLA SECONDARIA \"S. PEDROLLI\"", "Tipo_generale": "Rastr_tradizionale", "categoria": "SCUOLA", "provenienza": "Esistente al 2023" }, "geometry": { "type": "LineString", "coordinates": [ [ 663340.139308594283648, 5107757.979605752043426 ], [ 663350.287566503044218, 5107758.714986760169268 ] ] } },
{ "type": "Feature", "properties": { "id": 217, "zona": "GARDOLO", "tipologia": "Bronzetti 6 posti", "n_posti": 6, "fumetto": null, "anno": 2022, "nr_moduli": 1, "tot_bici": 6, "foto": "217.jpg", "codice_via": 5290, "civico": 23, "barra": "5", "edificio": "CENTRO SPORTIVO TN NORD", "Tipo_generale": "Rastr_tradizionale", "categoria": null, "provenienza": "Esistente al 2023" }, "geometry": { "type": "LineString", "coordinates": [ [ 663355.361695457366295, 5107860.93294685613364 ], [ 663356.942764624254778, 5107863.065551778301597 ] ] } },
{ "type": "Feature", "properties": { "id": 219, "zona": "GARDOLO", "tipologia": "A pavimento 5 posti", "n_posti": 5, "fumetto": null, "anno": 2022, "nr_moduli": 1, "tot_bici": 5, "foto": "219.jpg", "codice_via": 5290, "civico": 23, "barra": "5", "edificio": "CENTRO SPORTIVO TN NORD", "Tipo_generale": "Rastr_tradizionale", "categoria": null, "provenienza": "Esistente al 2023" }, "geometry": { "type": "LineString", "coordinates": [ [ 663357.63218431873247, 5107855.89558694884181 ], [ 663358.533026053453796, 5107855.178590466268361 ] ] } },
{ "type": "Feature", "properties": { "id": 218, "zona": "GARDOLO", "tipologia": "A pavimento 5 posti", "n_posti": 5, "fumetto": null, "anno": 2022, "nr_moduli": 1, "tot_bici": 5, "foto": "218.jpg", "codice_via": 5290, "civico": 23, "barra": "5", "edificio": "CENTRO SPORTIVO TN NORD", "Tipo_generale": "Rastr_tradizionale", "categoria": null, "provenienza": "Esistente al 2023" }, "geometry": { "type": "LineString", "coordinates": [ [ 663356.308498504571617, 5107856.869966783560812 ], [ 663357.209340239292942, 5107856.152970300987363 ] ] } },
{ "type": "Feature", "properties": { "id": 222, "zona": "GARDOLO", "tipologia": "Rotonda 6 posti", "n_posti": 6, "fumetto": null, "anno": 2022, "nr_moduli": 2, "tot_bici": 12, "foto": "222.jpg", "codice_via": 5290, "civico": 42, "barra": "1", "edificio": "SCUOLA PRIMARIA PIGARELLI", "Tipo_generale": "Rastr_tradizionale", "categoria": "SCUOLA", "provenienza": "Esistente al 2023" }, "geometry": { "type": "LineString", "coordinates": [ [ 663219.582784612779506, 5107863.139089873991907 ], [ 663222.671384845976718, 5107866.63214966095984 ] ] } },
{ "type": "Feature", "properties": { "id": 223, "zona": "GARDOLO", "tipologia": "Androna", "n_posti": 5, "fumetto": null, "anno": 2022, "nr_moduli": 1, "tot_bici": 5, "foto": "223.jpg", "codice_via": 5400, "civico": null, "barra": null, "edificio": null, "Tipo_generale": "Rastr_tradizionale", "categoria": null, "provenienza": "Esistente al 2023" }, "geometry": { "type": "LineString", "coordinates": [ [ 663100.009832731098868, 5107947.818212929181755 ], [ 663101.995361452340148, 5107946.862217619083822 ] ] } },
{ "type": "Feature", "properties": { "id": 224, "zona": "GARDOLO", "tipologia": "Androna", "n_posti": 5, "fumetto": null, "anno": 2022, "nr_moduli": 1, "tot_bici": 5, "foto": "224.jpg", "codice_via": 5904, "civico": null, "barra": null, "edificio": null, "Tipo_generale": "Rastr_tradizionale", "categoria": null, "provenienza": "Esistente al 2023" }, "geometry": { "type": "LineString", "coordinates": [ [ 663125.01278699922841, 5107813.942100442014635 ], [ 663124.865710797719657, 5107814.723442761227489 ] ] } },
{ "type": "Feature", "properties": { "id": 225, "zona": "GARDOLO", "tipologia": "Androna", "n_posti": 5, "fumetto": null, "anno": 2022, "nr_moduli": 1, "tot_bici": 5, "foto": "225.jpg", "codice_via": 5904, "civico": null, "barra": null, "edificio": null, "Tipo_generale": "Rastr_tradizionale", "categoria": null, "provenienza": "Esistente al 2023" }, "geometry": { "type": "LineString", "coordinates": [ [ 663124.847326272400096, 5107814.861326701939106 ], [ 663124.700250070891343, 5107815.64266902115196 ] ] } },
{ "type": "Feature", "properties": { "id": 227, "zona": "OLTREFERSINA", "tipologia": "Verona 45", "n_posti": 6, "fumetto": null, "anno": 2022, "nr_moduli": 1, "tot_bici": 6, "foto": "227.jpg", "codice_via": 1370, "civico": 82, "barra": null, "edificio": null, "Tipo_generale": "Rastr_bloccatelaio", "categoria": null, "provenienza": "Esistente al 2023" }, "geometry": { "type": "LineString", "coordinates": [ [ 664939.795343592530116, 5102436.937336271628737 ], [ 664945.430549039621837, 5102432.736546755768359 ] ] } },
{ "type": "Feature", "properties": { "id": 228, "zona": "OLTREFERSINA", "tipologia": "Metallo 4 posti", "n_posti": 4, "fumetto": null, "anno": 2022, "nr_moduli": 1, "tot_bici": 4, "foto": "228.jpg", "codice_via": 1160, "civico": 48, "barra": null, "edificio": null, "Tipo_generale": "Rastr_tradizionale", "categoria": null, "provenienza": "Esistente al 2023" }, "geometry": { "type": "LineString", "coordinates": [ [ 664822.636588610475883, 5102503.73444011900574 ], [ 664825.176588612957858, 5102504.581106786616147 ] ] } },
{ "type": "Feature", "properties": { "id": 229, "zona": "OLTREFERSINA", "tipologia": "Metallo 4 posti", "n_posti": 4, "fumetto": null, "anno": 2022, "nr_moduli": 1, "tot_bici": 4, "foto": "229.jpg", "codice_via": 1160, "civico": 4, "barra": null, "edificio": null, "Tipo_generale": "Rastr_tradizionale", "categoria": null, "provenienza": "Esistente al 2023" }, "geometry": { "type": "LineString", "coordinates": [ [ 664806.708671928150579, 5102498.178190113976598 ], [ 664809.248671930632554, 5102499.024856781587005 ] ] } },
{ "type": "Feature", "properties": { "id": 230, "zona": "OLTREFERSINA", "tipologia": "Metallo 4 posti", "n_posti": 4, "fumetto": null, "anno": 2022, "nr_moduli": 1, "tot_bici": 4, "foto": "230.jpg", "codice_via": 1160, "civico": 4, "barra": null, "edificio": null, "Tipo_generale": "Rastr_tradizionale", "categoria": null, "provenienza": "Esistente al 2023" }, "geometry": { "type": "LineString", "coordinates": [ [ 664793.95575524889864, 5102494.262356776744127 ], [ 664796.495755251380615, 5102495.109023444354534 ] ] } },
{ "type": "Feature", "properties": { "id": 231, "zona": "OLTREFERSINA", "tipologia": "Verona 90", "n_posti": 6, "fumetto": null, "anno": 2022, "nr_moduli": 1, "tot_bici": 6, "foto": "231.jpg", "codice_via": 1160, "civico": 4, "barra": null, "edificio": null, "Tipo_generale": "Rastr_bloccatelaio", "categoria": null, "provenienza": "Esistente al 2023" }, "geometry": { "type": "LineString", "coordinates": [ [ 664772.947838561260141, 5102487.489023435860872 ], [ 664777.234088565572165, 5102488.864856770262122 ] ] } },
{ "type": "Feature", "properties": { "id": 233, "zona": "OLTREFERSINA", "tipologia": "Metallo 4 posti", "n_posti": 4, "fumetto": null, "anno": 2022, "nr_moduli": 3, "tot_bici": 12, "foto": "233.jpg", "codice_via": 40, "civico": 2, "barra": null, "edificio": "INFANZIA \"S. ANTONIO\"", "Tipo_generale": "Rastr_tradizionale", "categoria": "SCUOLA", "provenienza": "Esistente al 2023" }, "geometry": { "type": "LineString", "coordinates": [ [ 664822.442992413416505, 5102960.778424493968487 ], [ 664825.867040462559089, 5102958.800085621885955 ] ] } },
{ "type": "Feature", "properties": { "id": 234, "zona": "GARDOLO", "tipologia": "Metallo 3 posti", "n_posti": 3, "fumetto": null, "anno": 2022, "nr_moduli": 1, "tot_bici": 3, "foto": "234.jpg", "codice_via": 5480, "civico": 3, "barra": null, "edificio": null, "Tipo_generale": "Rastr_tradizionale", "categoria": null, "provenienza": "Esistente al 2023" }, "geometry": { "type": "LineString", "coordinates": [ [ 663222.575563944410533, 5108162.782445634715259 ], [ 663222.879923771019094, 5108161.679141263477504 ] ] } },
{ "type": "Feature", "properties": { "id": 236, "zona": "GARDOLO", "tipologia": "Androna", "n_posti": 5, "fumetto": null, "anno": 2022, "nr_moduli": 1, "tot_bici": 5, "foto": "236.jpg", "codice_via": 5500, "civico": 15, "barra": null, "edificio": null, "Tipo_generale": "Rastr_tradizionale", "categoria": null, "provenienza": "Esistente al 2023" }, "geometry": { "type": "LineString", "coordinates": [ [ 663213.15943180990871, 5108275.604828853160143 ], [ 663214.110556268016808, 5108275.07219915650785 ] ] } },
{ "type": "Feature", "properties": { "id": 239, "zona": "GARDOLO", "tipologia": "Androna", "n_posti": 5, "fumetto": null, "anno": 2022, "nr_moduli": 1, "tot_bici": 5, "foto": "239.jpg", "codice_via": 5500, "civico": 10, "barra": null, "edificio": null, "Tipo_generale": "Rastr_tradizionale", "categoria": null, "provenienza": "Esistente al 2023" }, "geometry": { "type": "LineString", "coordinates": [ [ 663182.605533445836045, 5108294.285422450862825 ], [ 663183.23132588446606, 5108294.683876239694655 ] ] } },
{ "type": "Feature", "properties": { "id": 237, "zona": "GARDOLO", "tipologia": "Androna", "n_posti": 5, "fumetto": null, "anno": 2022, "nr_moduli": 1, "tot_bici": 5, "foto": "237.jpg", "codice_via": 5500, "civico": 10, "barra": null, "edificio": null, "Tipo_generale": "Rastr_tradizionale", "categoria": null, "provenienza": "Esistente al 2023" }, "geometry": { "type": "LineString", "coordinates": [ [ 663180.840222724014893, 5108293.752283512614667 ], [ 663181.582099801278673, 5108293.752283512614667 ] ] } },
{ "type": "Feature", "properties": { "id": 238, "zona": "GARDOLO", "tipologia": "Androna", "n_posti": 5, "fumetto": null, "anno": 2022, "nr_moduli": 1, "tot_bici": 5, "foto": "238.jpg", "codice_via": 5500, "civico": 10, "barra": null, "edificio": null, "Tipo_generale": "Rastr_tradizionale", "categoria": null, "provenienza": "Esistente al 2023" }, "geometry": { "type": "LineString", "coordinates": [ [ 663181.806588901090436, 5108293.771815242245793 ], [ 663182.43238133972045, 5108294.170269031077623 ] ] } },
{ "type": "Feature", "properties": { "id": 240, "zona": "GARDOLO", "tipologia": "Metallo 4 posti", "n_posti": 4, "fumetto": null, "anno": 2022, "nr_moduli": 1, "tot_bici": 4, "foto": "240.jpg", "codice_via": 5101, "civico": 40, "barra": null, "edificio": null, "Tipo_generale": "Rastr_tradizionale", "categoria": null, "provenienza": "Esistente al 2023" }, "geometry": { "type": "LineString", "coordinates": [ [ 663090.131483156350441, 5108428.326883083209395 ], [ 663091.539147354313172, 5108429.239962562918663 ] ] } },
{ "type": "Feature", "properties": { "id": 241, "zona": "GARDOLO", "tipologia": "Metallo 4 posti", "n_posti": 4, "fumetto": null, "anno": 2022, "nr_moduli": 3, "tot_bici": 12, "foto": "241.jpg", "codice_via": 5101, "civico": 5, "barra": null, "edificio": "PALAZZO CRIVELLI - UFFICI COMUNALI", "Tipo_generale": "Rastr_tradizionale", "categoria": null, "provenienza": "Esistente al 2023" }, "geometry": { "type": "LineString", "coordinates": [ [ 663121.715998936444521, 5108366.437065770849586 ], [ 663125.151133815059438, 5108368.80953302513808 ] ] } },
{ "type": "Feature", "properties": { "id": 242, "zona": "GARDOLO", "tipologia": "Metallo 4 posti", "n_posti": 4, "fumetto": null, "anno": 2022, "nr_moduli": 2, "tot_bici": 8, "foto": "242.jpg", "codice_via": 5500, "civico": 6, "barra": null, "edificio": null, "Tipo_generale": "Rastr_tradizionale", "categoria": null, "provenienza": "Esistente al 2023" }, "geometry": { "type": "LineString", "coordinates": [ [ 663170.42571725230664, 5108245.157033994793892 ], [ 663170.771702060243115, 5108241.870178319513798 ] ] } },
{ "type": "Feature", "properties": { "id": 243, "zona": "GARDOLO", "tipologia": "Gardolo", "n_posti": 4, "fumetto": null, "anno": 2022, "nr_moduli": 1, "tot_bici": 4, "foto": "243.jpg", "codice_via": 5010, "civico": 6, "barra": null, "edificio": "CIMITERO GARDOLO", "Tipo_generale": "Rastr_tradizionale", "categoria": null, "provenienza": "Esistente al 2023" }, "geometry": { "type": "LineString", "coordinates": [ [ 662677.241561981732957, 5108125.892291525378823 ], [ 662677.691353648900986, 5108124.569374857470393 ] ] } },
{ "type": "Feature", "properties": { "id": 244, "zona": "GARDOLO", "tipologia": "Gardolo", "n_posti": 4, "fumetto": null, "anno": 2022, "nr_moduli": 1, "tot_bici": 4, "foto": "244.jpg", "codice_via": 5340, "civico": 80, "barra": null, "edificio": "CIMITERO GARDOLO", "Tipo_generale": "Rastr_tradizionale", "categoria": null, "provenienza": "Esistente al 2023" }, "geometry": { "type": "LineString", "coordinates": [ [ 662724.998853698954917, 5108025.668124752119184 ], [ 662726.110103700077161, 5108023.657291417010128 ] ] } },
{ "type": "Feature", "properties": { "id": 245, "zona": "GARDOLO", "tipologia": "Canova", "n_posti": 6, "fumetto": null, "anno": 2022, "nr_moduli": 1, "tot_bici": 6, "foto": "245.jpg", "codice_via": 5090, "civico": 61, "barra": null, "edificio": "PARCO", "Tipo_generale": "Rastr_tradizionale", "categoria": null, "provenienza": "Esistente al 2023" }, "geometry": { "type": "LineString", "coordinates": [ [ 663064.618020725320093, 5107192.680415538139641 ], [ 663065.200104059302248, 5107194.744165540672839 ] ] } },
{ "type": "Feature", "properties": { "id": 248, "zona": "OLTREFERSINA", "tipologia": "Metallo 4 posti", "n_posti": 4, "fumetto": null, "anno": 2022, "nr_moduli": 1, "tot_bici": 4, "foto": "248.jpg", "codice_via": 1850, "civico": 9, "barra": null, "edificio": "OSPEDALE \"S. CHIARA\"", "Tipo_generale": "Rastr_tradizionale", "categoria": null, "provenienza": "Esistente al 2023" }, "geometry": { "type": "LineString", "coordinates": [ [ 664959.767708322149701, 5102662.147291647270322 ], [ 664961.672708324156702, 5102662.253124980255961 ] ] } },
{ "type": "Feature", "properties": { "id": 249, "zona": "GARDOLO", "tipologia": "Archetto", "n_posti": 2, "fumetto": null, "anno": 2022, "nr_moduli": 10, "tot_bici": 20, "foto": "249.jpg", "codice_via": 5290, "civico": 23, "barra": "4", "edificio": "CENTRO SPORTIVO \"TN NORD\"", "Tipo_generale": "Rastr_bloccatelaio", "categoria": null, "provenienza": "Esistente al 2023" }, "geometry": { "type": "LineString", "coordinates": [ [ 663392.349581662914716, 5107898.039797189645469 ], [ 663392.32312332955189, 5107894.600213852711022 ] ] } },
{ "type": "Feature", "properties": { "id": 250, "zona": "OLTRFERSINA", "tipologia": "Archetto", "n_posti": 2, "fumetto": null, "anno": 2022, "nr_moduli": 5, "tot_bici": 10, "foto": "250.jpg", "codice_via": 1160, "civico": 4, "barra": null, "edificio": "CENTRO SPORTIVO \"G. MANAZZON\"", "Tipo_generale": "Rastr_bloccatelaio", "categoria": null, "provenienza": "Esistente al 2023" }, "geometry": { "type": "LineString", "coordinates": [ [ 664766.780624785111286, 5102392.722083025611937 ], [ 664770.034999788505957, 5102393.198333026841283 ] ] } },
{ "type": "Feature", "properties": { "id": 235, "zona": "GARDOLO", "tipologia": "Metallo 4 posti", "n_posti": 4, "fumetto": null, "anno": 2022, "nr_moduli": 2, "tot_bici": 8, "foto": "235.jpg", "codice_via": 5480, "civico": 3, "barra": null, "edificio": "UFFICI COMUNALI", "Tipo_generale": "Rastr_tradizionale", "categoria": null, "provenienza": "Sostituzione prevista nel 2026" }, "geometry": { "type": "LineString", "coordinates": [ [ 663253.106659049168229, 5108189.81340273283422 ], [ 663254.89477303030435, 5108185.628455117344856 ] ] } },
{ "type": "Feature", "properties": { "id": 251, "zona": "OLTREFERSINA", "tipologia": "Archetto", "n_posti": 2, "fumetto": null, "anno": 2022, "nr_moduli": 5, "tot_bici": 10, "foto": "251.jpg", "codice_via": 1160, "civico": 4, "barra": null, "edificio": "CENTRO SPORTIVO \"G. MANAZZON\"", "Tipo_generale": "Rastr_bloccatelaio", "categoria": null, "provenienza": "Esistente al 2023" }, "geometry": { "type": "LineString", "coordinates": [ [ 664763.307968531385995, 5102390.731093436479568 ], [ 664762.011510196723975, 5102388.058801767416298 ] ] } },
{ "type": "Feature", "properties": { "id": 252, "zona": "OLTREFERSINA", "tipologia": "Archetto", "n_posti": 2, "fumetto": null, "anno": 2022, "nr_moduli": 20, "tot_bici": 40, "foto": "252.jpg", "codice_via": 1120, "civico": 11, "barra": null, "edificio": "PALAZZETTO DELLO SPORT \"BLM GROUP ARENA\"", "Tipo_generale": "Rastr_bloccatelaio", "categoria": null, "provenienza": "Esistente al 2023" }, "geometry": { "type": "LineString", "coordinates": [ [ 664297.4560930384323, 5100748.594633362255991 ], [ 664309.679843051359057, 5100748.435883361846209 ] ] } },
{ "type": "Feature", "properties": { "id": 253, "zona": "CENTRO STORICO_PIEDICASTELLO", "tipologia": "Archetto", "n_posti": 2, "fumetto": null, "anno": 2022, "nr_moduli": 2, "tot_bici": 4, "foto": "253.jpg", "codice_via": 3190, "civico": 3, "barra": "1", "edificio": "SCUOLA PRIMARIA \"B. S. BELLESINI\"", "Tipo_generale": "Rastr_bloccatelaio", "categoria": "SCUOLA", "provenienza": "Esistente al 2023" }, "geometry": { "type": "LineString", "coordinates": [ [ 663965.086509352782741, 5104820.92901267670095 ], [ 663964.901301019242965, 5104820.294012675993145 ] ] } },
{ "type": "Feature", "properties": { "id": 211, "zona": "CENTRO STORICO_PIEDICASTELLO", "tipologia": "Verona 90", "n_posti": 6, "fumetto": null, "anno": 2022, "nr_moduli": 1, "tot_bici": 6, "foto": "211.jpg", "codice_via": 2230, "civico": null, "barra": null, "edificio": null, "Tipo_generale": "Rastr_bloccatelaio", "categoria": null, "provenienza": "Esistente al 2023" }, "geometry": { "type": "LineString", "coordinates": [ [ 663450.487464052508585, 5104029.010933743789792 ], [ 663450.30361880059354, 5104029.636007600463927 ] ] } },
{ "type": "Feature", "properties": { "id": 255, "zona": "S. GIUSEPPE_S. CHIARA", "tipologia": "Rotonda 9 posti", "n_posti": 9, "fumetto": null, "anno": 2022, "nr_moduli": 1, "tot_bici": 9, "foto": "255.jpg", "codice_via": 2950, "civico": 65, "barra": null, "edificio": "AUDITORIUM \"S. CHIARA\"", "Tipo_generale": "Rastr_tradizionale", "categoria": null, "provenienza": "Esistente al 2023" }, "geometry": { "type": "LineString", "coordinates": [ [ 664290.947343032690696, 5103287.139427711255848 ], [ 664290.841509699239396, 5103289.256094379350543 ] ] } },
{ "type": "Feature", "properties": { "id": 257, "zona": "S. GIUSEPPE_S. CHIARA", "tipologia": "Rotonda 6 posti", "n_posti": 6, "fumetto": null, "anno": 2022, "nr_moduli": 1, "tot_bici": 6, "foto": "257.jpg", "codice_via": 2950, "civico": 65, "barra": null, "edificio": "AUDITORIUM \"S. CHIARA\"", "Tipo_generale": "Rastr_tradizionale", "categoria": null, "provenienza": "Esistente al 2023" }, "geometry": { "type": "LineString", "coordinates": [ [ 664295.180676370975561, 5103293.330677717924118 ], [ 664295.445259704487398, 5103291.266927715390921 ] ] } },
{ "type": "Feature", "properties": { "id": 258, "zona": "S. GIUSEPPE_S. CHIARA", "tipologia": "Rotonda 9 posti 45", "n_posti": 9, "fumetto": null, "anno": 2022, "nr_moduli": 1, "tot_bici": 9, "foto": "258.jpg", "codice_via": 2950, "civico": 67, "barra": null, "edificio": "AUDITORIUM \"S. CHIARA\"", "Tipo_generale": "Rastr_tradizionale", "categoria": null, "provenienza": "Esistente al 2023" }, "geometry": { "type": "LineString", "coordinates": [ [ 664302.377343045198359, 5103289.996927714906633 ], [ 664302.906509712454863, 5103287.404011045582592 ] ] } },
{ "type": "Feature", "properties": { "id": 260, "zona": "S. GIUSEPPE_S. CHIARA", "tipologia": "Rotonda 6 posti", "n_posti": 6, "fumetto": null, "anno": 2022, "nr_moduli": 1, "tot_bici": 6, "foto": "260.jpg", "codice_via": 2950, "civico": 67, "barra": null, "edificio": "AUDITORIUM \"S. CHIARA\"", "Tipo_generale": "Rastr_tradizionale", "categoria": null, "provenienza": "Esistente al 2023" }, "geometry": { "type": "LineString", "coordinates": [ [ 664305.578801381518133, 5103274.38651102501899 ], [ 664305.896301381872036, 5103272.746094356290996 ] ] } },
{ "type": "Feature", "properties": { "id": 259, "zona": "S. GIUSEPPE_S. CHIARA", "tipologia": "Rotonda 6 posti", "n_posti": 6, "fumetto": null, "anno": 2022, "nr_moduli": 1, "tot_bici": 6, "foto": "259.jpg", "codice_via": 2950, "civico": 67, "barra": null, "edificio": "AUDITORIUM \"S. CHIARA\"", "Tipo_generale": "Rastr_tradizionale", "categoria": null, "provenienza": "Esistente al 2023" }, "geometry": { "type": "LineString", "coordinates": [ [ 664305.076093047624454, 5103276.900052694603801 ], [ 664305.393593047978356, 5103275.259636025875807 ] ] } },
{ "type": "Feature", "properties": { "id": 261, "zona": "S. GIUSEPPE_S. CHIARA", "tipologia": "Rotonda 6 posti", "n_posti": 6, "fumetto": null, "anno": 2022, "nr_moduli": 1, "tot_bici": 6, "foto": "261.jpg", "codice_via": 2950, "civico": 67, "barra": null, "edificio": "AUDITORIUM \"S. CHIARA\"", "Tipo_generale": "Rastr_tradizionale", "categoria": null, "provenienza": "Esistente al 2023" }, "geometry": { "type": "LineString", "coordinates": [ [ 664306.134426382021047, 5103271.899427688680589 ], [ 664306.45192638237495, 5103270.259011019952595 ] ] } },
{ "type": "Feature", "properties": { "id": 265, "zona": "S. GIUSEPPE_S. CHIARA", "tipologia": "Metallo 4 posti", "n_posti": 4, "fumetto": null, "anno": 2022, "nr_moduli": 2, "tot_bici": 8, "foto": "265.jpg", "codice_via": 3350, "civico": 49, "barra": null, "edificio": null, "Tipo_generale": "Rastr_tradizionale", "categoria": null, "provenienza": "Esistente al 2023" }, "geometry": { "type": "LineString", "coordinates": [ [ 664367.550173962372355, 5103009.690422302111983 ], [ 664369.677434038370848, 5103011.572229292243719 ] ] } },
{ "type": "Feature", "properties": { "id": 266, "zona": "S. GIUSEPPE_S. CHIARA", "tipologia": "Metallo 4 posti", "n_posti": 4, "fumetto": null, "anno": 2022, "nr_moduli": 2, "tot_bici": 8, "foto": "266.jpg", "codice_via": 1890, "civico": 2, "barra": null, "edificio": null, "Tipo_generale": "Rastr_tradizionale", "categoria": null, "provenienza": "Esistente al 2023" }, "geometry": { "type": "LineString", "coordinates": [ [ 664456.854188304045238, 5102917.890968254767358 ], [ 664458.163271427620202, 5102918.66823635995388 ] ] } },
{ "type": "Feature", "properties": { "id": 268, "zona": "S. GIUSEPPE_S. CHIARA", "tipologia": "Metallo 4 posti", "n_posti": 4, "fumetto": null, "anno": 2022, "nr_moduli": 1, "tot_bici": 4, "foto": "268.jpg", "codice_via": 2330, "civico": 161, "barra": null, "edificio": null, "Tipo_generale": "Rastr_tradizionale", "categoria": null, "provenienza": "Esistente al 2023" }, "geometry": { "type": "LineString", "coordinates": [ [ 664234.146421892335638, 5102980.031507778912783 ], [ 664236.15095542545896, 5102979.5406016074121 ] ] } },
{ "type": "Feature", "properties": { "id": 267, "zona": "S. GIUSEPPE-S. CHIARA", "tipologia": "Metallo 4 posti", "n_posti": 4, "fumetto": null, "anno": 2022, "nr_moduli": 2, "tot_bici": 8, "foto": "267.jpg", "codice_via": 2330, "civico": 161, "barra": null, "edificio": null, "Tipo_generale": "Rastr_tradizionale", "categoria": null, "provenienza": "Esistente al 2023" }, "geometry": { "type": "LineString", "coordinates": [ [ 664241.356606284389272, 5102980.59400443173945 ], [ 664242.95205134130083, 5102981.20763714518398 ] ] } },
{ "type": "Feature", "properties": { "id": 272, "zona": "S. GIUSEPPE_S. CHIARA", "tipologia": "Metallo 4 posti", "n_posti": 4, "fumetto": null, "anno": 2022, "nr_moduli": 2, "tot_bici": 8, "foto": "272.jpg", "codice_via": 1890, "civico": 7, "barra": null, "edificio": null, "Tipo_generale": "Rastr_tradizionale", "categoria": null, "provenienza": "Esistente al 2023" }, "geometry": { "type": "LineString", "coordinates": [ [ 664526.061731254449114, 5102974.007679961621761 ], [ 664528.9253505874658, 5102976.134940037503839 ] ] } },
{ "type": "Feature", "properties": { "id": 273, "zona": "S. GIUSEPPE_S. CHIARA", "tipologia": "Bronzetti 5 posti", "n_posti": 5, "fumetto": null, "anno": 2022, "nr_moduli": 1, "tot_bici": 5, "foto": "273.jpg", "codice_via": 4069, "civico": null, "barra": null, "edificio": null, "Tipo_generale": "Rastr_tradizionale", "categoria": null, "provenienza": "Esistente al 2023" }, "geometry": { "type": "LineString", "coordinates": [ [ 664407.180620087543502, 5103317.355637986212969 ], [ 664407.876070496975444, 5103314.901107128709555 ] ] } },
{ "type": "Feature", "properties": { "id": 279, "zona": "S. GIUSEPPE_S. CHIARA", "tipologia": "Pietra 3 posti", "n_posti": 3, "fumetto": null, "anno": 2022, "nr_moduli": 1, "tot_bici": 3, "foto": "279.jpg", "codice_via": 1890, "civico": 27, "barra": null, "edificio": null, "Tipo_generale": "Rastr_tradizionale", "categoria": null, "provenienza": "Esistente al 2023" }, "geometry": { "type": "LineString", "coordinates": [ [ 664634.950533150229603, 5103069.74853085540235 ], [ 664635.321279516094364, 5103070.17631512414664 ] ] } },
{ "type": "Feature", "properties": { "id": 281, "zona": "S. GIUSEPPE_s. CHIARA", "tipologia": "Rotonda 8 posti", "n_posti": 8, "fumetto": null, "anno": 2022, "nr_moduli": 1, "tot_bici": 8, "foto": "281.jpg", "codice_via": 2290, "civico": 1, "barra": null, "edificio": "CONSERVATORIO MUSICA \"F.A. BONPORTI\"", "Tipo_generale": "Rastr_tradizionale", "categoria": "SCUOLA", "provenienza": "Esistente al 2023" }, "geometry": { "type": "LineString", "coordinates": [ [ 664321.948437499813735, 5103436.933750041760504 ], [ 664322.001354166539386, 5103437.608437542803586 ] ] } },
{ "type": "Feature", "properties": { "id": 282, "zona": "S. GIUSEPPE_S. CHIARA", "tipologia": "Bronzetti 5 posti", "n_posti": 5, "fumetto": null, "anno": 2022, "nr_moduli": 1, "tot_bici": 5, "foto": "282.jpg", "codice_via": 2290, "civico": 1, "barra": null, "edificio": "CONSERVATORIO MUSICA \"F.A. BONPORTI\"", "Tipo_generale": "Rastr_tradizionale", "categoria": "SCUOLA", "provenienza": "Esistente al 2023" }, "geometry": { "type": "LineString", "coordinates": [ [ 664322.113802083418705, 5103438.422031293623149 ], [ 664322.166718750144355, 5103439.070260460488498 ] ] } },
{ "type": "Feature", "properties": { "id": 283, "zona": "S. GIUSEPPE_S. CHIARA", "tipologia": "Rotonda 8 posti", "n_posti": 8, "fumetto": null, "anno": 2022, "nr_moduli": 1, "tot_bici": 8, "foto": "283.jpg", "codice_via": 2290, "civico": 1, "barra": null, "edificio": "CONSERVATORIO MUSICA \"F.A. BONPORTI\"", "Tipo_generale": "Rastr_tradizionale", "categoria": "SCUOLA", "provenienza": "Esistente al 2023" }, "geometry": { "type": "LineString", "coordinates": [ [ 664322.299010416958481, 5103439.771406294777989 ], [ 664322.325468750321306, 5103440.459322961978614 ] ] } },
{ "type": "Feature", "properties": { "id": 284, "zona": "S. GIUSEPPE_S. CHIARA", "tipologia": "Rotonda 8 posti", "n_posti": 8, "fumetto": null, "anno": 2022, "nr_moduli": 1, "tot_bici": 8, "foto": "284.jpg", "codice_via": 2290, "civico": 1, "barra": null, "edificio": "CONSERVATORIO MUSICA \"F.A. BONPORTI\"", "Tipo_generale": "Rastr_tradizionale", "categoria": "SCUOLA", "provenienza": "Esistente al 2023" }, "geometry": { "type": "LineString", "coordinates": [ [ 664324.137864585616626, 5103440.287343795411289 ], [ 664324.137864585616626, 5103439.69203129503876 ] ] } },
{ "type": "Feature", "properties": { "id": 285, "zona": "GARDOLO", "tipologia": "Metallo 5 posti", "n_posti": 5, "fumetto": null, "anno": 2022, "nr_moduli": 1, "tot_bici": 5, "foto": "285.jpg", "codice_via": 5595, "civico": 10, "barra": null, "edificio": null, "Tipo_generale": "Rastr_tradizionale", "categoria": null, "provenienza": "Esistente al 2023" }, "geometry": { "type": "LineString", "coordinates": [ [ 663713.466301440261304, 5107468.661202234216034 ], [ 663714.418801441206597, 5107470.195785569027066 ] ] } },
{ "type": "Feature", "properties": { "id": 286, "zona": "GARDOLO", "tipologia": "2 posti doppia", "n_posti": 4, "fumetto": null, "anno": 2022, "nr_moduli": 1, "tot_bici": 4, "foto": "286.jpg", "codice_via": 5480, "civico": 7, "barra": null, "edificio": null, "Tipo_generale": "Rastr_tradizionale", "categoria": null, "provenienza": "Esistente al 2023" }, "geometry": { "type": "LineString", "coordinates": [ [ 663277.829842645092867, 5108131.759952938184142 ], [ 663278.385467645712197, 5108132.024536272510886 ] ] } },
{ "type": "Feature", "properties": { "id": 287, "zona": "GARDOLO", "tipologia": "Sportiva", "n_posti": 6, "fumetto": null, "anno": 2022, "nr_moduli": 1, "tot_bici": 6, "foto": "287.jpg", "codice_via": 5530, "civico": 40, "barra": null, "edificio": "CAMPO SPORTIVO", "Tipo_generale": "Rastr_tradizionale", "categoria": null, "provenienza": "Esistente al 2023" }, "geometry": { "type": "LineString", "coordinates": [ [ 661631.142549234558828, 5109575.088496138341725 ], [ 661632.412549235858023, 5109576.411412806250155 ] ] } },
{ "type": "Feature", "properties": { "id": 288, "zona": "GARDOLO", "tipologia": "Sportiva", "n_posti": 6, "fumetto": null, "anno": 2022, "nr_moduli": 1, "tot_bici": 6, "foto": "288.jpg", "codice_via": 5530, "civico": 40, "barra": null, "edificio": "CAMPO SPORTIVO", "Tipo_generale": "Rastr_tradizionale", "categoria": null, "provenienza": "Esistente al 2023" }, "geometry": { "type": "LineString", "coordinates": [ [ 661635.059488664730452, 5109570.755532746203244 ], [ 661637.577047858736478, 5109573.029457179829478 ] ] } },
{ "type": "Feature", "properties": { "id": 289, "zona": "GARDOLO", "tipologia": "Sportiva", "n_posti": 6, "fumetto": null, "anno": 2022, "nr_moduli": 1, "tot_bici": 6, "foto": "289.jpg", "codice_via": 5530, "civico": 40, "barra": null, "edificio": "CAMPO SPORTIVO", "Tipo_generale": "Rastr_tradizionale", "categoria": null, "provenienza": "Esistente al 2023" }, "geometry": { "type": "LineString", "coordinates": [ [ 661638.104923173552379, 5109590.977217885665596 ], [ 661639.120068009826355, 5109589.799649875611067 ] ] } },
{ "type": "Feature", "properties": { "id": 290, "zona": "GARDOLO", "tipologia": "Sportiva", "n_posti": 6, "fumetto": null, "anno": 2022, "nr_moduli": 1, "tot_bici": 6, "foto": "290.jpg", "codice_via": 5530, "civico": 40, "barra": null, "edificio": "CAMPO SPORTIVO", "Tipo_generale": "Rastr_tradizionale", "categoria": null, "provenienza": "Esistente al 2023" }, "geometry": { "type": "LineString", "coordinates": [ [ 661652.560585642233491, 5109596.905663729645312 ], [ 661653.859971032710746, 5109595.322037785314023 ] ] } },
{ "type": "Feature", "properties": { "id": 291, "zona": "GARDOLO", "tipologia": "Sportiva", "n_posti": 6, "fumetto": null, "anno": 2022, "nr_moduli": 1, "tot_bici": 6, "foto": "291.jpg", "codice_via": 5530, "civico": 40, "barra": null, "edificio": "CAMPO SPORTIVO", "Tipo_generale": "Rastr_tradizionale", "categoria": null, "provenienza": "Esistente al 2023" }, "geometry": { "type": "LineString", "coordinates": [ [ 661653.941182619542815, 5109595.037797230295837 ], [ 661655.159356423071586, 5109593.779017633758485 ] ] } },
{ "type": "Feature", "properties": { "id": 292, "zona": "CENTRO STORICO_PIEDICASTELLO", "tipologia": "Rotonda 6 posti", "n_posti": 6, "fumetto": null, "anno": 2022, "nr_moduli": 1, "tot_bici": 6, "foto": "292.jpg", "codice_via": 1480, "civico": null, "barra": null, "edificio": "SCUOLA PRIMARIA A. SCHMIDT", "Tipo_generale": "Rastr_tradizionale", "categoria": "SCUOLA", "provenienza": "Esistente al 2023" }, "geometry": { "type": "LineString", "coordinates": [ [ 663771.736340075847693, 5105382.389755619689822 ], [ 663772.792090705595911, 5105382.998842521570623 ] ] } },
{ "type": "Feature", "properties": { "id": 293, "zona": "CENTRO STORICO_PIEDICASTELLO", "tipologia": "Rotonda 4 posti", "n_posti": 4, "fumetto": null, "anno": 2022, "nr_moduli": 2, "tot_bici": 8, "foto": "293.jpg", "codice_via": 3660, "civico": 3, "barra": null, "edificio": "SCUOLA INFANZIA CRISTO RE \"PICCOLO PRINCIPE\"", "Tipo_generale": "Rastr_tradizionale", "categoria": "SCUOLA", "provenienza": "Esistente al 2023" }, "geometry": { "type": "LineString", "coordinates": [ [ 663772.223609596956521, 5105272.916536475531757 ], [ 663769.990290957153775, 5105271.860785845667124 ] ] } },
{ "type": "Feature", "properties": { "id": 294, "zona": "CENTRO STORICO_PIEDICASTELLO", "tipologia": "Bronzetti 5 posti", "n_posti": 5, "fumetto": null, "anno": 2022, "nr_moduli": 1, "tot_bici": 5, "foto": "294.jpg", "codice_via": 3660, "civico": 3, "barra": null, "edificio": "SCUOLA INFANZIA CRISTO RE \"PICCOLO PRINCIPE\"", "Tipo_generale": "Rastr_tradizionale", "categoria": "SCUOLA", "provenienza": "Esistente al 2023" }, "geometry": { "type": "LineString", "coordinates": [ [ 663750.621327480766922, 5105276.489846299402416 ], [ 663751.230414382531308, 5105275.35288408305496 ] ] } },
{ "type": "Feature", "properties": { "id": 270, "zona": "S. GIUSEPPE_S. CHIARA", "tipologia": "Archetto", "n_posti": 2, "fumetto": null, "anno": 2022, "nr_moduli": 5, "tot_bici": 10, "foto": "270.jpg", "codice_via": 2370, "civico": 1, "barra": null, "edificio": "COMMISSIARIATO DEL GOVERNO", "Tipo_generale": "Rastr_bloccatelaio", "categoria": null, "provenienza": "Esistente al 2023" }, "geometry": { "type": "LineString", "coordinates": [ [ 664382.459060972090811, 5103162.698273768648505 ], [ 664386.044997643213719, 5103164.405862659215927 ] ] } },
{ "type": "Feature", "properties": { "id": 269, "zona": "S. GIUSEPPE_S. CHIARA", "tipologia": "Archetto", "n_posti": 2, "fumetto": null, "anno": 2022, "nr_moduli": 4, "tot_bici": 8, "foto": "269.jpg", "codice_via": 2370, "civico": 1, "barra": null, "edificio": "COMMISSARIATO DEL GOVERNO", "Tipo_generale": "Rastr_bloccatelaio", "categoria": null, "provenienza": "Esistente al 2023" }, "geometry": { "type": "LineString", "coordinates": [ [ 664376.567879298236221, 5103159.061109430156648 ], [ 664379.743994635413401, 5103160.666242987848818 ] ] } },
{ "type": "Feature", "properties": { "id": 263, "zona": "S. GIUSEPPE_S. CHIARA", "tipologia": "Metallo 4 posti", "n_posti": 4, "fumetto": null, "anno": 2022, "nr_moduli": 1, "tot_bici": 4, "foto": "263.jpg", "codice_via": 3350, "civico": 15, "barra": null, "edificio": null, "Tipo_generale": "Rastr_tradizionale", "categoria": null, "provenienza": "Esistente al 2023" }, "geometry": { "type": "LineString", "coordinates": [ [ 664294.223175653140061, 5103110.179350795224309 ], [ 664295.212084959144704, 5103108.55092104896903 ] ] } },
{ "type": "Feature", "properties": { "id": 295, "zona": "CENTRO STORICO_PIEDICASTELLO", "tipologia": "Arco", "n_posti": 10, "fumetto": null, "anno": 2022, "nr_moduli": 1, "tot_bici": 10, "foto": "295.jpg", "codice_via": 3511, "civico": 5, "barra": null, "edificio": "CAMPO SPORTIVO CAMPO CONI", "Tipo_generale": "Rastr_tradizionale", "categoria": null, "provenienza": "Esistente al 2023" }, "geometry": { "type": "LineString", "coordinates": [ [ 663801.627105615334585, 5105126.22146235499531 ], [ 663802.404437418677844, 5105124.907859405502677 ] ] } },
{ "type": "Feature", "properties": { "id": 296, "zona": "CENTRO STORICO_PIEDICASTELLO", "tipologia": "Arco", "n_posti": 10, "fumetto": null, "anno": 2022, "nr_moduli": 1, "tot_bici": 10, "foto": "296.jpg", "codice_via": 3511, "civico": 5, "barra": null, "edificio": "CAMPO SPORTIVO CAMPO CONI", "Tipo_generale": "Rastr_tradizionale", "categoria": null, "provenienza": "Esistente al 2023" }, "geometry": { "type": "LineString", "coordinates": [ [ 663802.875451173167676, 5105124.228056378662586 ], [ 663803.475189369753934, 5105123.345016745850444 ] ] } },
{ "type": "Feature", "properties": { "id": 297, "zona": "CENTRO STORICO_PIEDICASTELLO", "tipologia": "A pavimento 5 posti", "n_posti": 5, "fumetto": null, "anno": 2022, "nr_moduli": 1, "tot_bici": 5, "foto": "297.jpg", "codice_via": 3511, "civico": 5, "barra": null, "edificio": "CAMPO SPORIVO CAMPO CONI", "Tipo_generale": "Rastr_tradizionale", "categoria": null, "provenienza": "Esistente al 2023" }, "geometry": { "type": "LineString", "coordinates": [ [ 663799.429491208167747, 5105137.110460275784135 ], [ 663800.2010012838291, 5105135.892286472022533 ] ] } },
{ "type": "Feature", "properties": { "id": 61, "zona": "CENTRO STORICO_PIEDICASTELLO", "tipologia": "Verona 90", "n_posti": 6, "fumetto": "VIA DEL BRENNERO - nr. posti 6", "anno": 2022, "nr_moduli": 1, "tot_bici": 6, "foto": "61.jpg", "codice_via": 400, "civico": 312, "barra": null, "edificio": "UFFICI COMUNALI TOP CENTER", "Tipo_generale": "Rastr_bloccatelaio", "categoria": null, "provenienza": "Esistente al 2023" }, "geometry": { "type": "LineString", "coordinates": [ [ 663703.823641726165079, 5106304.709381890483201 ], [ 663704.507436456158757, 5106303.223896787501872 ] ] } },
{ "type": "Feature", "properties": { "id": 298, "zona": "CENTRO STORICO_PIEDICASTELLO", "tipologia": "Verona 90", "n_posti": 6, "fumetto": "VIA DEL BRENNERO - nr. posti 6", "anno": 2022, "nr_moduli": 1, "tot_bici": 6, "foto": "298.jpg", "codice_via": 400, "civico": 312, "barra": null, "edificio": "UFFICI COMUNALI TOP CENTER", "Tipo_generale": "Rastr_bloccatelaio", "categoria": null, "provenienza": "Esistente al 2023" }, "geometry": { "type": "LineString", "coordinates": [ [ 663701.838558719377033, 5106300.686619755811989 ], [ 663703.284661782323383, 5106301.450181904248893 ] ] } },
{ "type": "Feature", "properties": { "id": 62, "zona": "CENTRO STORICO_PIEDICASTELLO", "tipologia": "Verona 90", "n_posti": 6, "fumetto": "VIA DEL BRENNERO - nr. posti 6", "anno": 2022, "nr_moduli": 1, "tot_bici": 6, "foto": "62.jpg", "codice_via": 400, "civico": 312, "barra": null, "edificio": "UFFICI COMUNALI TOP CENTER", "Tipo_generale": "Rastr_bloccatelaio", "categoria": null, "provenienza": "Esistente al 2023" }, "geometry": { "type": "LineString", "coordinates": [ [ 663703.478005803772248, 5106301.55977528821677 ], [ 663704.853072379366495, 5106302.44489287212491 ] ] } },
{ "type": "Feature", "properties": { "id": 300, "zona": "ZTL", "tipologia": "Metallo 4 posti", "n_posti": 4, "fumetto": null, "anno": 2022, "nr_moduli": 3, "tot_bici": 12, "foto": "300.jpg", "codice_via": 1710, "civico": 53, "barra": null, "edificio": null, "Tipo_generale": "Rastr_tradizionale", "categoria": null, "provenienza": "Esistente al 2023" }, "geometry": { "type": "LineString", "coordinates": [ [ 664278.527096616337076, 5103714.20224657934159 ], [ 664278.892548757372424, 5103712.131351113319397 ] ] } },
{ "type": "Feature", "properties": { "id": 306, "zona": "S. GIUSEPPE_S. CHIARA", "tipologia": "Metallo 4 posti", "n_posti": 4, "fumetto": null, "anno": 2022, "nr_moduli": 2, "tot_bici": 8, "foto": "306.jpg", "codice_via": 190, "civico": 18, "barra": null, "edificio": "FARMACIE COMUNALI", "Tipo_generale": "Rastr_tradizionale", "categoria": null, "provenienza": "Esistente al 2023" }, "geometry": { "type": "LineString", "coordinates": [ [ 664481.028188534430228, 5102815.189979669637978 ], [ 664482.246362337842584, 5102813.809382691979408 ] ] } },
{ "type": "Feature", "properties": { "id": 310, "zona": "OLTREFERSINA", "tipologia": "Bronzetti 5 posti", "n_posti": 5, "fumetto": null, "anno": 2022, "nr_moduli": 1, "tot_bici": 5, "foto": "310.jpg", "codice_via": 1160, "civico": 2, "barra": null, "edificio": "SCUOLA PRIMARIA \"A. NICOLODI\"", "Tipo_generale": "Rastr_tradizionale", "categoria": "SCUOLA", "provenienza": "Esistente al 2023" }, "geometry": { "type": "LineString", "coordinates": [ [ 664744.606552529963665, 5102453.722874958999455 ], [ 664747.842698539723642, 5102454.848500069230795 ] ] } },
{ "type": "Feature", "properties": { "id": 311, "zona": "OLTREFERSINA", "tipologia": "Archetto", "n_posti": 2, "fumetto": null, "anno": 2022, "nr_moduli": 8, "tot_bici": 16, "foto": "311.jpg", "codice_via": 1160, "civico": 2, "barra": null, "edificio": "SCUOLA PRIMARIA \"A. NICOLODI\"", "Tipo_generale": "Rastr_bloccatelaio", "categoria": "SCUOLA", "provenienza": "Esistente al 2023" }, "geometry": { "type": "LineString", "coordinates": [ [ 664716.216944177635014, 5102445.230595575645566 ], [ 664723.850833345670253, 5102447.504520009271801 ] ] } },
{ "type": "Feature", "properties": { "id": 312, "zona": "OLTREFERSINA", "tipologia": "4 posti doppia", "n_posti": 4, "fumetto": null, "anno": 2022, "nr_moduli": 2, "tot_bici": 8, "foto": "312.jpg", "codice_via": 1050, "civico": 13, "barra": null, "edificio": "SCUOLA PRIMARIA \"CLARINA\"", "Tipo_generale": "Rastr_tradizionale", "categoria": "SCUOLA", "provenienza": "Esistente al 2023" }, "geometry": { "type": "LineString", "coordinates": [ [ 664522.023709525004961, 5102014.882543224841356 ], [ 664523.975990825798362, 5102014.930943437851965 ] ] } },
{ "type": "Feature", "properties": { "id": 313, "zona": "OLTREFERSINA", "tipologia": "Metallo 4 posti", "n_posti": 4, "fumetto": null, "anno": 2022, "nr_moduli": 3, "tot_bici": 12, "foto": "313.jpg", "codice_via": 1050, "civico": 13, "barra": null, "edificio": "SCUOLA PRIMARIA \"CLARINA\"", "Tipo_generale": "Rastr_tradizionale", "categoria": "SCUOLA", "provenienza": "Esistente al 2023" }, "geometry": { "type": "LineString", "coordinates": [ [ 664514.305000588297844, 5102024.076827683486044 ], [ 664514.200917164795101, 5102022.761093660257757 ] ] } },
{ "type": "Feature", "properties": { "id": 315, "zona": "OLTREFERSINA", "tipologia": "Bronzetti 7 posti", "n_posti": 7, "fumetto": null, "anno": 2022, "nr_moduli": 1, "tot_bici": 7, "foto": "315.jpg", "codice_via": 780, "civico": 2, "barra": "1", "edificio": "UFFICI COMUNALI", "Tipo_generale": "Rastr_tradizionale", "categoria": null, "provenienza": "Esistente al 2023" }, "geometry": { "type": "LineString", "coordinates": [ [ 664592.176396646187641, 5101991.42024802044034 ], [ 664595.587283295812085, 5101990.770555324852467 ] ] } },
{ "type": "Feature", "properties": { "id": 316, "zona": "OLTREFERSINA", "tipologia": "Bronzetti 7 posti", "n_posti": 7, "fumetto": null, "anno": 2022, "nr_moduli": 1, "tot_bici": 7, "foto": "316.jpg", "codice_via": 780, "civico": 2, "barra": "1", "edificio": "UFFICI COMUNALI", "Tipo_generale": "Rastr_tradizionale", "categoria": null, "provenienza": "Esistente al 2023" }, "geometry": { "type": "LineString", "coordinates": [ [ 664600.459978509345092, 5101986.709975980222225 ], [ 664605.007827375433408, 5101985.410590589977801 ] ] } },
{ "type": "Feature", "properties": { "id": 317, "zona": "SARDAGNA", "tipologia": "Metallo 3 posti", "n_posti": 3, "fumetto": null, "anno": 2022, "nr_moduli": 1, "tot_bici": 3, "foto": "317.jpg", "codice_via": 8603, "civico": 1, "barra": null, "edificio": "UFFICI COMUNALI", "Tipo_generale": "Rastr_tradizionale", "categoria": null, "provenienza": "Esistente al 2023" }, "geometry": { "type": "LineString", "coordinates": [ [ 662197.957300545764156, 5103219.78610557410866 ], [ 662198.505478757317178, 5103219.623682400211692 ] ] } },
{ "type": "Feature", "properties": { "id": 318, "zona": "OLTREFERSINA", "tipologia": "Volta", "n_posti": 4, "fumetto": null, "anno": 2022, "nr_moduli": 1, "tot_bici": 4, "foto": "318.jpg", "codice_via": 3525, "civico": null, "barra": null, "edificio": "PARCO", "Tipo_generale": "Rastr_tradizionale", "categoria": null, "provenienza": "Esistente al 2023" }, "geometry": { "type": "LineString", "coordinates": [ [ 664347.908085880684666, 5101567.088461427949369 ], [ 664349.87404148618225, 5101568.661225913092494 ] ] } },
{ "type": "Feature", "properties": { "id": 319, "zona": "OLTREFERSINA", "tipologia": "Arco", "n_posti": 6, "fumetto": null, "anno": 2022, "nr_moduli": 1, "tot_bici": 6, "foto": "319.jpg", "codice_via": 4068, "civico": null, "barra": null, "edificio": "GIARDINO", "Tipo_generale": "Rastr_tradizionale", "categoria": null, "provenienza": "Esistente al 2023" }, "geometry": { "type": "LineString", "coordinates": [ [ 664721.911480258801021, 5101572.514498900622129 ], [ 664724.034712312743068, 5101573.694072264246643 ] ] } },
{ "type": "Feature", "properties": { "id": 320, "zona": "OLTREFERSINA", "tipologia": "Androna", "n_posti": 4, "fumetto": null, "anno": 2022, "nr_moduli": 2, "tot_bici": 8, "foto": "320.jpg", "codice_via": 1120, "civico": 21, "barra": null, "edificio": "CIRCOLO TENNIS \"ATA BATTISTI\"", "Tipo_generale": "Rastr_tradizionale", "categoria": null, "provenienza": "Esistente al 2023" }, "geometry": { "type": "LineString", "coordinates": [ [ 664115.099623085698113, 5101212.548027547076344 ], [ 664117.301493363804184, 5101212.62666577193886 ] ] } },
{ "type": "Feature", "properties": { "id": 323, "zona": "OLTREFERSINA", "tipologia": "A pavimento 7 posti", "n_posti": 7, "fumetto": null, "anno": 2022, "nr_moduli": 1, "tot_bici": 7, "foto": "323.jpg", "codice_via": 1120, "civico": 11, "barra": null, "edificio": "PALAZZETTO DELLO SPORT \"BLM GROUP ARENA\"", "Tipo_generale": "Rastr_tradizionale", "categoria": null, "provenienza": "Esistente al 2023" }, "geometry": { "type": "LineString", "coordinates": [ [ 664291.681755566387437, 5100756.996794654987752 ], [ 664291.603117342106998, 5100759.552536942064762 ] ] } },
{ "type": "Feature", "properties": { "id": 324, "zona": "OLTREFERSINA", "tipologia": "A pavimento 5 posti", "n_posti": 5, "fumetto": null, "anno": 2025, "nr_moduli": 1, "tot_bici": 5, "foto": "324.jpg", "codice_via": 1120, "civico": 11, "barra": null, "edificio": "PALAZZETTO DELLO SPORT \"BLM GROUP ARENA\"", "Tipo_generale": "Rastr_tradizionale", "categoria": null, "provenienza": "Esistente al 2023" }, "geometry": { "type": "LineString", "coordinates": [ [ 664291.681755566387437, 5100760.299600072205067 ], [ 664291.681755566387437, 5100761.833045444451272 ] ] } },
{ "type": "Feature", "properties": { "id": 326, "zona": "OLTREFERSINA", "tipologia": "Con gancio doppia", "n_posti": 5, "fumetto": null, "anno": 2022, "nr_moduli": 4, "tot_bici": 20, "foto": "326.jpg", "codice_via": 2540, "civico": null, "barra": null, "edificio": "PIAZZALE", "Tipo_generale": "Rastr_bloccatelaio", "categoria": null, "provenienza": "Esistente al 2023" }, "geometry": { "type": "LineString", "coordinates": [ [ 664647.696656155399978, 5100084.59082870464772 ], [ 664650.920823348220438, 5100087.972272345796227 ] ] } },
{ "type": "Feature", "properties": { "id": 328, "zona": "CENTRO STORICO_PIEDICASTELLO", "tipologia": "Bronzetti 5 posti", "n_posti": 5, "fumetto": null, "anno": 2022, "nr_moduli": 1, "tot_bici": 5, "foto": "328.jpg", "codice_via": 3150, "civico": 22, "barra": null, "edificio": "SCUOLA PRIMARIA \"A. GORFER\"", "Tipo_generale": "Rastr_tradizionale", "categoria": "SCUOLA", "provenienza": "Esistente al 2023" }, "geometry": { "type": "LineString", "coordinates": [ [ 663903.463824537117034, 5106055.643579788506031 ], [ 663906.138879412086681, 5106056.177742860279977 ] ] } },
{ "type": "Feature", "properties": { "id": 329, "zona": "CENTRO STORICO_PIEDICASTELLO", "tipologia": "Bronzetti 7 posti", "n_posti": 7, "fumetto": null, "anno": 2022, "nr_moduli": 1, "tot_bici": 7, "foto": "329.jpg", "codice_via": 3150, "civico": 22, "barra": null, "edificio": "SCUOLA PRIMARIA \"A. GORFER\"", "Tipo_generale": "Rastr_tradizionale", "categoria": "SCUOLA", "provenienza": "Esistente al 2023" }, "geometry": { "type": "LineString", "coordinates": [ [ 663906.216840010485612, 5106056.220299332402647 ], [ 663909.12645430653356, 5106056.928043349646032 ] ] } },
{ "type": "Feature", "properties": { "id": 330, "zona": "CENTRO STORICO_PIEDICASTELLO", "tipologia": "Bronzetti 5 posti", "n_posti": 5, "fumetto": null, "anno": 2022, "nr_moduli": 1, "tot_bici": 5, "foto": "330.jpg", "codice_via": 3150, "civico": 24, "barra": null, "edificio": "ASILO NIDO \"LA TROTTOLA\"", "Tipo_generale": "Rastr_tradizionale", "categoria": "SCUOLA", "provenienza": "Esistente al 2023" }, "geometry": { "type": "LineString", "coordinates": [ [ 663970.587141421739943, 5105991.93846592400223 ], [ 663972.789011699729599, 5105992.488933493383229 ] ] } },
{ "type": "Feature", "properties": { "id": 331, "zona": "CENTRO STORICO_PIEDICASTELLO", "tipologia": "Bronzetti 5 posti", "n_posti": 5, "fumetto": null, "anno": 2022, "nr_moduli": 1, "tot_bici": 5, "foto": "331.jpg", "codice_via": 3150, "civico": 26, "barra": null, "edificio": "SCUOLA INFANZIA \"IL QUADRIFOGLIO\"", "Tipo_generale": "Rastr_tradizionale", "categoria": "SCUOLA", "provenienza": "Esistente al 2023" }, "geometry": { "type": "LineString", "coordinates": [ [ 663972.395820578676648, 5105983.996005278080702 ], [ 663975.148158426280133, 5105984.70374929625541 ] ] } },
{ "type": "Feature", "properties": { "id": 333, "zona": "CENTRO STORICO_PIEDICASTELLO", "tipologia": "Verona 90", "n_posti": 6, "fumetto": null, "anno": 2022, "nr_moduli": 1, "tot_bici": 6, "foto": "333.jpg", "codice_via": 1230, "civico": 8, "barra": null, "edificio": null, "Tipo_generale": "Rastr_bloccatelaio", "categoria": null, "provenienza": "Esistente al 2023" }, "geometry": { "type": "LineString", "coordinates": [ [ 664116.6919509813888, 5103725.058779406361282 ], [ 664117.02217851835303, 5103723.124589546583593 ] ] } },
{ "type": "Feature", "properties": { "id": 334, "zona": "CENTRO STORICO_PIEDICASTELLO", "tipologia": "Verona 90", "n_posti": 6, "fumetto": null, "anno": 2022, "nr_moduli": 1, "tot_bici": 6, "foto": "334.jpg", "codice_via": 1230, "civico": 8, "barra": null, "edificio": null, "Tipo_generale": "Rastr_bloccatelaio", "categoria": null, "provenienza": "Esistente al 2023" }, "geometry": { "type": "LineString", "coordinates": [ [ 664117.446756780380383, 5103721.14322432409972 ], [ 664117.968634227174334, 5103719.029178394004703 ] ] } },
{ "type": "Feature", "properties": { "id": 335, "zona": "CENTRO STORICO_PIEDICASTELLO", "tipologia": "Verona 90", "n_posti": 6, "fumetto": null, "anno": 2022, "nr_moduli": 1, "tot_bici": 6, "foto": "335.jpg", "codice_via": 1230, "civico": 8, "barra": null, "edificio": null, "Tipo_generale": "Rastr_bloccatelaio", "categoria": null, "provenienza": "Esistente al 2023" }, "geometry": { "type": "LineString", "coordinates": [ [ 664117.02217851835303, 5103723.124589546583593 ], [ 664117.446756780380383, 5103721.14322432409972 ] ] } },
{ "type": "Feature", "properties": { "id": 336, "zona": "S. GIUSEPPE_S. CHIARA", "tipologia": "2 posti doppia", "n_posti": 4, "fumetto": null, "anno": 2022, "nr_moduli": 1, "tot_bici": 4, "foto": "336.JPG", "codice_via": 1750, "civico": 5, "barra": null, "edificio": null, "Tipo_generale": "Rastr_tradizionale", "categoria": null, "provenienza": "Esistente al 2023" }, "geometry": { "type": "LineString", "coordinates": [ [ 664438.568759367917664, 5103956.994185579009354 ], [ 664438.938119499478489, 5103956.440145381726325 ] ] } },
{ "type": "Feature", "properties": { "id": 337, "zona": "CENTRO STORICO-PIEDICASTELLO", "tipologia": "4 posti doppia", "n_posti": 8, "fumetto": null, "anno": 2023, "nr_moduli": 3, "tot_bici": 24, "foto": "337.JPG", "codice_via": 2990, "civico": 7, "barra": null, "edificio": null, "Tipo_generale": "Rastr_tradizionale", "categoria": null, "provenienza": "Esistente al 2023" }, "geometry": { "type": "LineString", "coordinates": [ [ 663895.635025968891568, 5103873.436282379552722 ], [ 663900.052795699215494, 5103874.285853481851518 ] ] } },
{ "type": "Feature", "properties": { "id": 171, "zona": "S. GIUSEPPE_S. CHIARA", "tipologia": "Archetto", "n_posti": 2, "fumetto": null, "anno": 2023, "nr_moduli": 5, "tot_bici": 10, "foto": "171.JPG", "codice_via": 1930, "civico": 1, "barra": null, "edificio": "PIAZZALE \"MONTE BALDO\"", "Tipo_generale": "Rastr_bloccatelaio", "categoria": null, "provenienza": "Esistente al 2023" }, "geometry": { "type": "LineString", "coordinates": [ [ 663411.783044113195501, 5102584.828074170276523 ], [ 663413.77953620289918, 5102585.040466945618391 ] ] } },
{ "type": "Feature", "properties": { "id": 172, "zona": "S. GIUSEPPE_S. CHIARA", "tipologia": "Archetto", "n_posti": 2, "fumetto": null, "anno": 2023, "nr_moduli": 5, "tot_bici": 10, "foto": "172.JPG", "codice_via": 1930, "civico": 1, "barra": null, "edificio": "PIAZZALE \"MONTE BALDO\"", "Tipo_generale": "Rastr_tradizionale", "categoria": null, "provenienza": "Esistente al 2023" }, "geometry": { "type": "LineString", "coordinates": [ [ 663417.06100458430592, 5102584.77895833645016 ], [ 663417.08224386186339, 5102583.642656988464296 ] ] } },
{ "type": "Feature", "properties": { "id": 173, "zona": "S. GIUSEPPE_S. CHIARA", "tipologia": "Archetto", "n_posti": 2, "fumetto": null, "anno": 2023, "nr_moduli": 5, "tot_bici": 10, "foto": "173.JPG", "codice_via": 1930, "civico": 1, "barra": null, "edificio": "PIAZZALE \"MONTE BALDO\"", "Tipo_generale": "Rastr_bloccatelaio", "categoria": null, "provenienza": "Esistente al 2023" }, "geometry": { "type": "LineString", "coordinates": [ [ 663424.707144492655061, 5102586.924125365912914 ], [ 663426.576200914685614, 5102586.796689700335264 ] ] } },
{ "type": "Feature", "properties": { "id": 174, "zona": "S. GIUSEPPE_S. CHIARA", "tipologia": "Archetto", "n_posti": 2, "fumetto": null, "anno": 2023, "nr_moduli": 5, "tot_bici": 10, "foto": "174.JPG", "codice_via": 1930, "civico": 1, "barra": null, "edificio": "PIAZZALE \"MONTE BALDO\"", "Tipo_generale": "Rastr_bloccatelaio", "categoria": null, "provenienza": "Esistente al 2023" }, "geometry": { "type": "LineString", "coordinates": [ [ 663491.610868691815995, 5102566.449461833573878 ], [ 663493.267532338621095, 5102566.661854608915746 ] ] } },
{ "type": "Feature", "properties": { "id": 332, "zona": "CENTRO STORICO-PIEDICASTELLO", "tipologia": "Metallo 4 posti", "n_posti": 4, "fumetto": null, "anno": 2022, "nr_moduli": 3, "tot_bici": 12, "foto": "332.jpg", "codice_via": 2670, "civico": 40, "barra": null, "edificio": null, "Tipo_generale": "Rastr_tradizionale", "categoria": null, "provenienza": "Sostituzione prevista nel 2026" }, "geometry": { "type": "LineString", "coordinates": [ [ 663872.222962396452203, 5103667.619501846842468 ], [ 663873.068218897795305, 5103663.239536340348423 ] ] } },
{ "type": "Feature", "properties": { "id": 338, "zona": "OLTREFERSINA", "tipologia": "Metallo 4 posti", "n_posti": 4, "fumetto": null, "anno": 2023, "nr_moduli": 1, "tot_bici": 4, "foto": "338.JPG", "codice_via": 1690, "civico": null, "barra": null, "edificio": null, "Tipo_generale": "Rastr_tradizionale", "categoria": null, "provenienza": "Esistente al 2023" }, "geometry": { "type": "LineString", "coordinates": [ [ 665280.266005703364499, 5103706.345557067543268 ], [ 665278.991649051895365, 5103705.740237658843398 ] ] } },
{ "type": "Feature", "properties": { "id": 339, "zona": "OLTREFRSINA", "tipologia": "Metallo 3 posti", "n_posti": 3, "fumetto": null, "anno": 2023, "nr_moduli": 2, "tot_bici": 6, "foto": "339.JPG", "codice_via": 1690, "civico": null, "barra": null, "edificio": null, "Tipo_generale": "Rastr_tradizionale", "categoria": null, "provenienza": "Esistente al 2023" }, "geometry": { "type": "LineString", "coordinates": [ [ 665278.896072303061374, 5103705.772096575237811 ], [ 665277.175690823700279, 5103704.306586425751448 ] ] } },
{ "type": "Feature", "properties": { "id": 340, "zona": "OLTREFERSINA", "tipologia": "Metallo 5 posti", "n_posti": 5, "fumetto": null, "anno": 2023, "nr_moduli": 1, "tot_bici": 5, "foto": "340.JPG", "codice_via": 1690, "civico": null, "barra": null, "edificio": null, "Tipo_generale": "Rastr_tradizionale", "categoria": null, "provenienza": "Esistente al 2023" }, "geometry": { "type": "LineString", "coordinates": [ [ 665277.048255158471875, 5103704.21100967656821 ], [ 665276.315500083961524, 5103703.287101104855537 ] ] } },
{ "type": "Feature", "properties": { "id": 341, "zona": "OLTREFERSINA", "tipologia": "Metallo 4 posti", "n_posti": 4, "fumetto": null, "anno": 2023, "nr_moduli": 3, "tot_bici": 12, "foto": "341.JPG", "codice_via": 1690, "civico": null, "barra": null, "edificio": null, "Tipo_generale": "Rastr_tradizionale", "categoria": null, "provenienza": "Esistente al 2023" }, "geometry": { "type": "LineString", "coordinates": [ [ 665276.283641167683527, 5103703.287101104855537 ], [ 665274.722554269712418, 5103700.260504057630897 ] ] } },
{ "type": "Feature", "properties": { "id": 125, "zona": "S. GIUSEPPE_S. CHIARA", "tipologia": "Arco", "n_posti": 10, "fumetto": null, "anno": 2023, "nr_moduli": 1, "tot_bici": 10, "foto": "125.JPG", "codice_via": 3842, "civico": 7, "barra": null, "edificio": null, "Tipo_generale": "Rastr_tradizionale", "categoria": null, "provenienza": "Esistente al 2023" }, "geometry": { "type": "LineString", "coordinates": [ [ 663573.344918423448689, 5102835.11570287682116 ], [ 663573.85466108401306, 5102830.910325926728547 ] ] } },
{ "type": "Feature", "properties": { "id": 155, "zona": "S. GIUSEPPE_S. CHIARA", "tipologia": "Arco", "n_posti": 10, "fumetto": null, "anno": 2023, "nr_moduli": 1, "tot_bici": 10, "foto": "155.JPG", "codice_via": 3842, "civico": 7, "barra": null, "edificio": null, "Tipo_generale": "Rastr_tradizionale", "categoria": null, "provenienza": "Esistente al 2023" }, "geometry": { "type": "LineString", "coordinates": [ [ 663575.766196061274968, 5102818.103041580878198 ], [ 663576.14850305672735, 5102814.216253793798387 ] ] } },
{ "type": "Feature", "properties": { "id": 159, "zona": "S. GIUSEPPE_S. CHIARA", "tipologia": "Arco", "n_posti": 10, "fumetto": null, "anno": 2023, "nr_moduli": 1, "tot_bici": 10, "foto": "159.JPG", "codice_via": 3842, "civico": 7, "barra": null, "edificio": null, "Tipo_generale": "Rastr_tradizionale", "categoria": null, "provenienza": "Esistente al 2023" }, "geometry": { "type": "LineString", "coordinates": [ [ 663576.626386801013723, 5102808.832096940837801 ], [ 663577.008693796349689, 5102806.060371223837137 ] ] } },
{ "type": "Feature", "properties": { "id": 122, "zona": "S. GIUSEPPE_S. CHIARA", "tipologia": "Con gancio 5 posti", "n_posti": 5, "fumetto": null, "anno": 2023, "nr_moduli": 1, "tot_bici": 5, "foto": "122.JPG", "codice_via": 3842, "civico": 7, "barra": null, "edificio": null, "Tipo_generale": "Rastr_tradizionale", "categoria": null, "provenienza": "Esistente al 2023" }, "geometry": { "type": "LineString", "coordinates": [ [ 663577.74144887086004, 5102801.281533780507743 ], [ 663577.996320201200433, 5102799.115127473138273 ] ] } },
{ "type": "Feature", "properties": { "id": 201, "zona": "OLTREFERSINA", "tipologia": "Arco", "n_posti": 6, "fumetto": null, "anno": 2023, "nr_moduli": 1, "tot_bici": 6, "foto": "201.JPG", "codice_via": 4089, "civico": null, "barra": null, "edificio": null, "Tipo_generale": "Rastr_tradizionale", "categoria": null, "provenienza": "Esistente al 2023" }, "geometry": { "type": "LineString", "coordinates": [ [ 665089.956769274896942, 5102063.190090740099549 ], [ 665091.533785631065257, 5102063.158231823705137 ] ] } },
{ "type": "Feature", "properties": { "id": 212, "zona": "OLTREFERSINA", "tipologia": "Androna", "n_posti": 4, "fumetto": null, "anno": 2023, "nr_moduli": 3, "tot_bici": 12, "foto": "212.JPG", "codice_via": 3720, "civico": 160, "barra": null, "edificio": null, "Tipo_generale": "Rastr_tradizionale", "categoria": null, "provenienza": "Esistente al 2023" }, "geometry": { "type": "LineString", "coordinates": [ [ 665032.690367251751013, 5101566.509585852734745 ], [ 665036.067412378033623, 5101563.259976390749216 ] ] } },
{ "type": "Feature", "properties": { "id": 226, "zona": "OLTREFERSINA", "tipologia": "Androna", "n_posti": 4, "fumetto": null, "anno": 2023, "nr_moduli": 4, "tot_bici": 16, "foto": "226.JPG", "codice_via": 3720, "civico": 150, "barra": null, "edificio": null, "Tipo_generale": "Rastr_tradizionale", "categoria": null, "provenienza": "Esistente al 2023" }, "geometry": { "type": "LineString", "coordinates": [ [ 665086.308923360309564, 5101624.397236744873226 ], [ 665088.156740504899062, 5101623.250315758399665 ] ] } },
{ "type": "Feature", "properties": { "id": 325, "zona": "CENTRO STORICO_PIEDICASTELLO", "tipologia": "Vela", "n_posti": 4, "fumetto": null, "anno": 2023, "nr_moduli": 1, "tot_bici": 4, "foto": "325.JPG", "codice_via": 3390, "civico": 4, "barra": null, "edificio": null, "Tipo_generale": "Rastr_tradizionale", "categoria": null, "provenienza": "Esistente al 2023" }, "geometry": { "type": "LineString", "coordinates": [ [ 662495.764863444841467, 5105255.38978470955044 ], [ 662497.931269752210937, 5105255.326066877692938 ] ] } },
{ "type": "Feature", "properties": { "id": 342, "zona": "GARDOLO", "tipologia": "Archetto", "n_posti": 2, "fumetto": null, "anno": 2023, "nr_moduli": 5, "tot_bici": 10, "foto": "342.JPG", "codice_via": 5903, "civico": null, "barra": null, "edificio": null, "Tipo_generale": "Rastr_bloccatelaio", "categoria": null, "provenienza": "Esistente al 2023" }, "geometry": { "type": "LineString", "coordinates": [ [ 663618.664226841647178, 5106978.702284420840442 ], [ 663623.124475121614523, 5106978.574848756194115 ] ] } },
{ "type": "Feature", "properties": { "id": 343, "zona": "GARDOLO", "tipologia": "Archetto", "n_posti": 2, "fumetto": null, "anno": 2023, "nr_moduli": 5, "tot_bici": 10, "foto": "343.JPG", "codice_via": 5903, "civico": null, "barra": null, "edificio": null, "Tipo_generale": "Rastr_bloccatelaio", "categoria": null, "provenienza": "Esistente al 2023" }, "geometry": { "type": "LineString", "coordinates": [ [ 663792.104167099343613, 5107057.839832476340234 ], [ 663796.564415379310958, 5107054.526505182497203 ] ] } },
{ "type": "Feature", "properties": { "id": 345, "zona": "CENTRO STORICO_PIEDICASTELLO", "tipologia": "Metallo 4 posti", "n_posti": 4, "fumetto": null, "anno": 2023, "nr_moduli": 1, "tot_bici": 4, "foto": "345.JPG", "codice_via": 610, "civico": 7, "barra": null, "edificio": null, "Tipo_generale": "Rastr_tradizionale", "categoria": null, "provenienza": "Esistente al 2023" }, "geometry": { "type": "LineString", "coordinates": [ [ 664267.093164674704894, 5103844.234354353509843 ], [ 664267.912667147698812, 5103844.354974859394133 ] ] } },
{ "type": "Feature", "properties": { "id": 346, "zona": "MEANO", "tipologia": "Bronzetti 5 posti", "n_posti": 5, "fumetto": null, "anno": 2023, "nr_moduli": 1, "tot_bici": 5, "foto": "346.JPG", "codice_via": 8534, "civico": 26, "barra": null, "edificio": null, "Tipo_generale": "Rastr_tradizionale", "categoria": null, "provenienza": "Esistente al 2023" }, "geometry": { "type": "LineString", "coordinates": [ [ 663492.558671455830336, 5110275.805425002239645 ], [ 663492.686107120942324, 5110274.021325690671802 ] ] } },
{ "type": "Feature", "properties": { "id": 347, "zona": "MEANO", "tipologia": "Archetto", "n_posti": 2, "fumetto": null, "anno": 2023, "nr_moduli": 3, "tot_bici": 6, "foto": "347.JPG", "codice_via": 8534, "civico": 38, "barra": null, "edificio": null, "Tipo_generale": "Rastr_bloccatelaio", "categoria": null, "provenienza": "Esistente al 2023" }, "geometry": { "type": "LineString", "coordinates": [ [ 663496.445459242560901, 5110174.557789047248662 ], [ 663497.687956977635622, 5110174.717083629220724 ] ] } },
{ "type": "Feature", "properties": { "id": 348, "zona": "MEANO", "tipologia": "A pavimento 6 posti", "n_posti": 6, "fumetto": null, "anno": 2023, "nr_moduli": 1, "tot_bici": 6, "foto": "348.JPG", "codice_via": 8419, "civico": 9, "barra": null, "edificio": null, "Tipo_generale": "Rastr_tradizionale", "categoria": null, "provenienza": "Esistente al 2023" }, "geometry": { "type": "LineString", "coordinates": [ [ 663775.115399991394952, 5110514.269413399510086 ], [ 663776.899499303312041, 5110513.695952906273305 ] ] } },
{ "type": "Feature", "properties": { "id": 349, "zona": "MEANO", "tipologia": "Rotonda 6 posti", "n_posti": 6, "fumetto": null, "anno": 2023, "nr_moduli": 1, "tot_bici": 6, "foto": "349.JPG", "codice_via": 8546, "civico": null, "barra": null, "edificio": null, "Tipo_generale": "Rastr_tradizionale", "categoria": null, "provenienza": "Esistente al 2023" }, "geometry": { "type": "LineString", "coordinates": [ [ 664825.408293172717094, 5110975.936969292350113 ], [ 664825.726882335613482, 5110974.089152147062123 ] ] } },
{ "type": "Feature", "properties": { "id": 350, "zona": "MEANO", "tipologia": "Rotonda 6 posti", "n_posti": 6, "fumetto": null, "anno": 2023, "nr_moduli": 1, "tot_bici": 6, "foto": "350.JPG", "codice_via": 8546, "civico": null, "barra": null, "edificio": null, "Tipo_generale": "Rastr_tradizionale", "categoria": null, "provenienza": "Esistente al 2023" }, "geometry": { "type": "LineString", "coordinates": [ [ 664826.045471498509869, 5110971.476721012033522 ], [ 664826.364060661289841, 5110969.756339532323182 ] ] } },
{ "type": "Feature", "properties": { "id": 192, "zona": "CENTRO STORICO_PIEDICASTELLO", "tipologia": "Verona 45", "n_posti": 6, "fumetto": null, "anno": 2023, "nr_moduli": 1, "tot_bici": 6, "foto": "192.jpg", "codice_via": 3310, "civico": null, "barra": null, "edificio": null, "Tipo_generale": "Rastr_bloccatelaio", "categoria": null, "provenienza": "Esistente al 2023" }, "geometry": { "type": "LineString", "coordinates": [ [ 664272.43333378888201, 5104190.903330798260868 ], [ 664273.491667123278603, 5104192.596664132550359 ] ] } },
{ "type": "Feature", "properties": { "id": 351, "zona": "BONDONE", "tipologia": "Archetto", "n_posti": 2, "fumetto": null, "anno": 2023, "nr_moduli": 7, "tot_bici": 14, "foto": "351.jpg", "codice_via": 8122, "civico": 7, "barra": null, "edificio": "SCUOLA PRIMARIA \"CADINE\"", "Tipo_generale": "Rastr_bloccatelaio", "categoria": "SCUOLA", "provenienza": "Esistente al 2023" }, "geometry": { "type": "LineString", "coordinates": [ [ 659720.496583640109748, 5106034.483654391951859 ], [ 659722.543699508765712, 5106036.261412909254432 ] ] } },
{ "type": "Feature", "properties": { "id": 352, "zona": "BONDONE", "tipologia": "Metallo 4 posti", "n_posti": 4, "fumetto": null, "anno": 2023, "nr_moduli": 1, "tot_bici": 4, "foto": "352.jpg", "codice_via": 8027, "civico": 8, "barra": null, "edificio": null, "Tipo_generale": "Rastr_tradizionale", "categoria": null, "provenienza": "Esistente al 2023" }, "geometry": { "type": "LineString", "coordinates": [ [ 659268.20518747845199, 5104001.226221463643014 ], [ 659269.605845704325475, 5104001.374368006363511 ] ] } },
{ "type": "Feature", "properties": { "id": 353, "zona": "BONDONE", "tipologia": "Metallo 5 posti", "n_posti": 5, "fumetto": null, "anno": 2023, "nr_moduli": 1, "tot_bici": 5, "foto": "353.jpg", "codice_via": 8039, "civico": 4, "barra": null, "edificio": "BIBLIOTECA COMUNALE", "Tipo_generale": "Rastr_tradizionale", "categoria": null, "provenienza": "Esistente al 2023" }, "geometry": { "type": "LineString", "coordinates": [ [ 659307.356278465827927, 5104078.855010062456131 ], [ 659308.783872426953167, 5104079.205174619331956 ] ] } },
{ "type": "Feature", "properties": { "id": 354, "zona": "SOPRAMONTE", "tipologia": "Androna", "n_posti": 5, "fumetto": null, "anno": 2023, "nr_moduli": 1, "tot_bici": 5, "foto": "354.JPG", "codice_via": 8072, "civico": 1, "barra": null, "edificio": "SCUOLA PRIMARIA \"S. PERTINI\"", "Tipo_generale": "Rastr_tradizionale", "categoria": "SCUOLA", "provenienza": "Esistente al 2023" }, "geometry": { "type": "LineString", "coordinates": [ [ 659315.841035026824102, 5104251.014761041849852 ], [ 659316.231603185995482, 5104251.028228908777237 ] ] } },
{ "type": "Feature", "properties": { "id": 355, "zona": "SOPRAMONTE", "tipologia": "Androna", "n_posti": 5, "fumetto": null, "anno": 2023, "nr_moduli": 1, "tot_bici": 5, "foto": "355.JPG", "codice_via": 8072, "civico": 1, "barra": null, "edificio": "SCUOLA PRIMARIA \"S. PERTINI\"", "Tipo_generale": "Rastr_tradizionale", "categoria": "SCUOLA", "provenienza": "Esistente al 2023" }, "geometry": { "type": "LineString", "coordinates": [ [ 659316.548098073923029, 5104251.05516464356333 ], [ 659316.938666233094409, 5104251.068632511422038 ] ] } },
{ "type": "Feature", "properties": { "id": 356, "zona": "SOPRAMONTE", "tipologia": "Androna", "n_posti": 5, "fumetto": null, "anno": 2023, "nr_moduli": 1, "tot_bici": 5, "foto": "356.JPG", "codice_via": 8072, "civico": 1, "barra": null, "edificio": "SCUOLA PRIMARIA \"S. PERTINI\"", "Tipo_generale": "Rastr_tradizionale", "categoria": "SCUOLA", "provenienza": "Esistente al 2023" }, "geometry": { "type": "LineString", "coordinates": [ [ 659317.2353956324514, 5104251.054151860065758 ], [ 659317.611623297911137, 5104251.083113162778318 ] ] } },
{ "type": "Feature", "properties": { "id": 357, "zona": "SOPRAMONTE", "tipologia": "Androna", "n_posti": 5, "fumetto": null, "anno": 2023, "nr_moduli": 1, "tot_bici": 5, "foto": "357.JPG", "codice_via": 8072, "civico": 1, "barra": null, "edificio": "SCUOLA PRIMARIA \"S. PERTINI\"", "Tipo_generale": "Rastr_tradizionale", "categoria": "SCUOLA", "provenienza": "Esistente al 2023" }, "geometry": { "type": "LineString", "coordinates": [ [ 659317.948276066221297, 5104251.066078209318221 ], [ 659318.312868956709281, 5104251.071186815388501 ] ] } },
{ "type": "Feature", "properties": { "id": 358, "zona": "SOPRAMONTE", "tipologia": "Androna", "n_posti": 5, "fumetto": null, "anno": 2023, "nr_moduli": 1, "tot_bici": 5, "foto": "358.JPG", "codice_via": 8072, "civico": 1, "barra": null, "edificio": "SCUOLA PRIMARIA \"S. PERTINI\"", "Tipo_generale": "Rastr_tradizionale", "categoria": "SCUOLA", "provenienza": "Esistente al 2023" }, "geometry": { "type": "LineString", "coordinates": [ [ 659318.575012140790932, 5104251.061898579820991 ], [ 659319.059855372761376, 5104251.102302182465792 ] ] } },
{ "type": "Feature", "properties": { "id": 359, "zona": "SOPRAMONTE", "tipologia": "Androna", "n_posti": 5, "fumetto": null, "anno": 2023, "nr_moduli": 1, "tot_bici": 5, "foto": "359.JPG", "codice_via": 8072, "civico": 1, "barra": null, "edificio": "SCUOLA PRIMARIA \"S. PERTINI\"", "Tipo_generale": "Rastr_tradizionale", "categoria": "SCUOLA", "provenienza": "Esistente al 2023" }, "geometry": { "type": "LineString", "coordinates": [ [ 659319.322478790185414, 5104251.115770049393177 ], [ 659319.672643346711993, 5104251.115770049393177 ] ] } },
{ "type": "Feature", "properties": { "id": 400, "zona": "SOPRAMONTE", "tipologia": "Androna", "n_posti": 5, "fumetto": null, "anno": 2023, "nr_moduli": 1, "tot_bici": 5, "foto": "400.JPG", "codice_via": 8072, "civico": 1, "barra": null, "edificio": "SCUOLA PRIMARIA \"S. PERTINI\"", "Tipo_generale": "Rastr_tradizionale", "categoria": "SCUOLA", "provenienza": "Esistente al 2023" }, "geometry": { "type": "LineString", "coordinates": [ [ 659326.325769920134917, 5104251.277384459041059 ], [ 659326.891420357511379, 5104251.250448724254966 ] ] } },
{ "type": "Feature", "properties": { "id": 401, "zona": "SOPRAMONTE", "tipologia": "Androna", "n_posti": 5, "fumetto": null, "anno": 2023, "nr_moduli": 1, "tot_bici": 5, "foto": "401.JPG", "codice_via": 8072, "civico": 1, "barra": null, "edificio": "SCUOLA PRIMARIA \"S. PERTINI\"", "Tipo_generale": "Rastr_tradizionale", "categoria": "SCUOLA", "provenienza": "Esistente al 2023" }, "geometry": { "type": "LineString", "coordinates": [ [ 659327.160777708515525, 5104251.243714789859951 ], [ 659327.497474397416227, 5104251.230246922932565 ] ] } },
{ "type": "Feature", "properties": { "id": 402, "zona": "SOPRAMONTE", "tipologia": "Androna", "n_posti": 5, "fumetto": null, "anno": 2023, "nr_moduli": 1, "tot_bici": 5, "foto": "402.JPG", "codice_via": 8072, "civico": 1, "barra": null, "edificio": "SCUOLA PRIMARIA \"S. PERTINI\"", "Tipo_generale": "Rastr_tradizionale", "categoria": "SCUOLA", "provenienza": "Esistente al 2023" }, "geometry": { "type": "LineString", "coordinates": [ [ 659327.746044640894979, 5104251.209047998301685 ], [ 659328.178187015932053, 5104251.184106510132551 ] ] } },
{ "type": "Feature", "properties": { "id": 403, "zona": "SOPRAMONTE", "tipologia": "Androna", "n_posti": 5, "fumetto": null, "anno": 2023, "nr_moduli": 1, "tot_bici": 5, "foto": "403.JPG", "codice_via": 8072, "civico": 1, "barra": null, "edificio": "SCUOLA PRIMARIA \"S. PERTINI\"", "Tipo_generale": "Rastr_tradizionale", "categoria": "SCUOLA", "provenienza": "Esistente al 2023" }, "geometry": { "type": "LineString", "coordinates": [ [ 659328.406588278361596, 5104251.169934744015336 ], [ 659328.770155062084086, 5104251.128944690339267 ] ] } },
{ "type": "Feature", "properties": { "id": 404, "zona": "MATTARELLO", "tipologia": "Metallo 4 posti", "n_posti": 4, "fumetto": null, "anno": 2023, "nr_moduli": 1, "tot_bici": 4, "foto": "404.JPG", "codice_via": 7785, "civico": 23, "barra": null, "edificio": "CIMITERO MATTARELLO", "Tipo_generale": "Rastr_tradizionale", "categoria": null, "provenienza": "Esistente al 2023" }, "geometry": { "type": "LineString", "coordinates": [ [ 664782.253192269592546, 5096531.977177143096924 ], [ 664782.953521382529289, 5096532.246534494683146 ] ] } },
{ "type": "Feature", "properties": { "id": 406, "zona": "MATTARELLO", "tipologia": "A pavimento 4 posti", "n_posti": 4, "fumetto": null, "anno": 2023, "nr_moduli": 1, "tot_bici": 4, "foto": "406.JPG", "codice_via": 7730, "civico": 6, "barra": null, "edificio": "CIRCOLO ANZIANI MATTARELLO", "Tipo_generale": "Rastr_tradizionale", "categoria": null, "provenienza": "Esistente al 2023" }, "geometry": { "type": "LineString", "coordinates": [ [ 664781.418184481095523, 5096911.555556363426149 ], [ 664781.094955659704283, 5096910.478126958943903 ] ] } },
{ "type": "Feature", "properties": { "id": 407, "zona": "MATTARELLO", "tipologia": "Rotonda 6 posti", "n_posti": 6, "fumetto": null, "anno": 2023, "nr_moduli": 1, "tot_bici": 6, "foto": "407.JPG", "codice_via": 7730, "civico": 6, "barra": null, "edificio": "CIRCOLO ANZIANI MATTARELLO", "Tipo_generale": "Rastr_tradizionale", "categoria": null, "provenienza": "Esistente al 2023" }, "geometry": { "type": "LineString", "coordinates": [ [ 664762.832527252845466, 5096919.851762778125703 ], [ 664764.664157240535133, 5096919.420791015960276 ] ] } },
{ "type": "Feature", "properties": { "id": 99, "zona": "S. GIUSEPPE_S. CHIARA", "tipologia": "Metallo 4 posti", "n_posti": 4, "fumetto": null, "anno": 2023, "nr_moduli": 2, "tot_bici": 8, "foto": "99.JPG", "codice_via": 300, "civico": 24, "barra": null, "edificio": null, "Tipo_generale": "Rastr_tradizionale", "categoria": null, "provenienza": "Sostituzione prevista nel 2027" }, "geometry": { "type": "LineString", "coordinates": [ [ 664892.638571259332821, 5103212.118188733235002 ], [ 664893.658056580461562, 5103213.073956221342087 ] ] } },
{ "type": "Feature", "properties": { "id": 408, "zona": "MATTARELLO", "tipologia": "Archetto", "n_posti": 2, "fumetto": null, "anno": 2023, "nr_moduli": 5, "tot_bici": 10, "foto": "408.JPG", "codice_via": 7730, "civico": 11, "barra": null, "edificio": "SCUOLA PRIMARIA MATTARELLO", "Tipo_generale": "Rastr_bloccatelaio", "categoria": "SCUOLA", "provenienza": "Esistente al 2023" }, "geometry": { "type": "LineString", "coordinates": [ [ 664804.151944916811772, 5096940.538407343439758 ], [ 664805.175502851139754, 5096941.831322629004717 ] ] } },
{ "type": "Feature", "properties": { "id": 409, "zona": "MATTARELLO", "tipologia": "Archetto", "n_posti": 2, "fumetto": null, "anno": 2023, "nr_moduli": 5, "tot_bici": 10, "foto": "409.JPG", "codice_via": 7755, "civico": 5, "barra": null, "edificio": null, "Tipo_generale": "Rastr_bloccatelaio", "categoria": null, "provenienza": "Esistente al 2023" }, "geometry": { "type": "LineString", "coordinates": [ [ 664892.906730482820421, 5096950.0384262194857 ], [ 664892.795910809771158, 5096948.277258940972388 ] ] } },
{ "type": "Feature", "properties": { "id": 410, "zona": "MATTARELLO", "tipologia": "Bronzetti 7 posti", "n_posti": 7, "fumetto": null, "anno": 2023, "nr_moduli": 1, "tot_bici": 7, "foto": "410.JPG", "codice_via": 7750, "civico": 1, "barra": null, "edificio": "SCUOLA SECONDARIA \"A. FOGAZZARO\"", "Tipo_generale": "Rastr_tradizionale", "categoria": "SCUOLA", "provenienza": "Esistente al 2023" }, "geometry": { "type": "LineString", "coordinates": [ [ 664973.658525987179019, 5096973.453875653445721 ], [ 664974.951441272627562, 5096973.561618593521416 ] ] } },
{ "type": "Feature", "properties": { "id": 411, "zona": "MATTARELLO", "tipologia": "Bronzetti 7 posti", "n_posti": 7, "fumetto": null, "anno": 2023, "nr_moduli": 1, "tot_bici": 7, "foto": "411.JPG", "codice_via": 7750, "civico": 1, "barra": null, "edificio": "SCUOLA SECONDARIA \"A. FOGAZZARO\"", "Tipo_generale": "Rastr_tradizionale", "categoria": "SCUOLA", "provenienza": "Esistente al 2023" }, "geometry": { "type": "LineString", "coordinates": [ [ 664975.705641855834983, 5096974.908405349589884 ], [ 664976.136613617651165, 5096976.201320634223521 ] ] } },
{ "type": "Feature", "properties": { "id": 413, "zona": "MATTARELLO", "tipologia": "Bronzetti 7 posti", "n_posti": 7, "fumetto": null, "anno": 2023, "nr_moduli": 1, "tot_bici": 7, "foto": "412.JPG", "codice_via": 7700, "civico": 1, "barra": null, "edificio": "PARCO MATTARELLO", "Tipo_generale": "Rastr_tradizionale", "categoria": null, "provenienza": "Esistente al 2023" }, "geometry": { "type": "LineString", "coordinates": [ [ 664868.514883971191011, 5097085.156369171105325 ], [ 664868.461012501036748, 5097084.725397409871221 ], [ 664868.622626911732368, 5097085.802826814353466 ] ] } },
{ "type": "Feature", "properties": { "id": 412, "zona": "MATTARELLO", "tipologia": "Bronzetti 7 posti", "n_posti": 7, "fumetto": null, "anno": 2023, "nr_moduli": 1, "tot_bici": 7, "foto": "412.JPG", "codice_via": 7700, "civico": 1, "barra": null, "edificio": "PARCO MATTARELLO", "Tipo_generale": "Rastr_tradizionale", "categoria": null, "provenienza": "Esistente al 2023" }, "geometry": { "type": "LineString", "coordinates": [ [ 664868.151251547038555, 5097083.055381831713021 ], [ 664868.097380076884292, 5097082.624410070478916 ], [ 664868.258994487579912, 5097083.701839474961162 ] ] } },
{ "type": "Feature", "properties": { "id": 415, "zona": "MARTIGNANO", "tipologia": "Metallo 4 posti", "n_posti": 4, "fumetto": null, "anno": 2023, "nr_moduli": 1, "tot_bici": 4, "foto": "415.JPG", "codice_via": 6160, "civico": 4, "barra": "1", "edificio": null, "Tipo_generale": "Rastr_tradizionale", "categoria": null, "provenienza": "Esistente al 2023" }, "geometry": { "type": "LineString", "coordinates": [ [ 664802.057691512745805, 5106227.415065458975732 ], [ 664802.865763566107489, 5106226.930222227238119 ] ] } },
{ "type": "Feature", "properties": { "id": 416, "zona": "COGNOLA", "tipologia": "Argentario", "n_posti": 4, "fumetto": null, "anno": 2023, "nr_moduli": 1, "tot_bici": 4, "foto": "416.JPG", "codice_via": 6198, "civico": 13, "barra": null, "edificio": "CENTRO CIVICO COGNOLA", "Tipo_generale": "Rastr_tradizionale", "categoria": null, "provenienza": "Esistente al 2023" }, "geometry": { "type": "LineString", "coordinates": [ [ 665597.3083349756198, 5104828.426855186931789 ], [ 665596.823491743532941, 5104829.181055769324303 ] ] } },
{ "type": "Feature", "properties": { "id": 417, "zona": "COGNOLA", "tipologia": "Argentario", "n_posti": 4, "fumetto": null, "anno": 2023, "nr_moduli": 1, "tot_bici": 4, "foto": "417.JPG", "codice_via": 6198, "civico": 9, "barra": null, "edificio": "BIBILOTECA COMUNALE", "Tipo_generale": "Rastr_tradizionale", "categoria": null, "provenienza": "Esistente al 2023" }, "geometry": { "type": "LineString", "coordinates": [ [ 665644.553614363074303, 5104814.528015869669616 ], [ 665645.173136270605028, 5104814.581887340173125 ] ] } },
{ "type": "Feature", "properties": { "id": 418, "zona": "COGNOLA", "tipologia": "Archetto", "n_posti": 2, "fumetto": null, "anno": 2023, "nr_moduli": 4, "tot_bici": 8, "foto": "418.JPG", "codice_via": 7686, "civico": 2, "barra": "2", "edificio": "SCUOLA PRIMARIA \"E. BERNARDI\"", "Tipo_generale": "Rastr_bloccatelaio", "categoria": "SCUOLA", "provenienza": "Esistente al 2023" }, "geometry": { "type": "LineString", "coordinates": [ [ 665774.087564519257285, 5104621.34492364153266 ], [ 665774.033693049103022, 5104619.674908064305782 ] ] } },
{ "type": "Feature", "properties": { "id": 419, "zona": "COGNOLA", "tipologia": "Archetto", "n_posti": 2, "fumetto": null, "anno": 2023, "nr_moduli": 3, "tot_bici": 6, "foto": "419.JPG", "codice_via": 7686, "civico": 2, "barra": "A", "edificio": "TEATRO COMUNALE", "Tipo_generale": "Rastr_bloccatelaio", "categoria": null, "provenienza": "Esistente al 2023" }, "geometry": { "type": "LineString", "coordinates": [ [ 665809.804349278565496, 5104595.00177470035851 ], [ 665811.043393093743362, 5104594.732417348772287 ] ] } },
{ "type": "Feature", "properties": { "id": 420, "zona": "COGNOLA", "tipologia": "Archetto", "n_posti": 2, "fumetto": null, "anno": 2023, "nr_moduli": 4, "tot_bici": 8, "foto": "420.JPG", "codice_via": 7686, "civico": 79, "barra": null, "edificio": "PARCHEGGIO \"ORRIDO\"", "Tipo_generale": "Rastr_bloccatelaio", "categoria": null, "provenienza": "Esistente al 2023" }, "geometry": { "type": "LineString", "coordinates": [ [ 666250.728865202865563, 5104429.575957503169775 ], [ 666250.405636381590739, 5104428.444656628184021 ] ] } },
{ "type": "Feature", "properties": { "id": 421, "zona": "MARTIGNANO", "tipologia": "Archetto", "n_posti": 2, "fumetto": null, "anno": 2023, "nr_moduli": 5, "tot_bici": 10, "foto": "421.JPG", "codice_via": 6485, "civico": 2, "barra": null, "edificio": "NIDO MARTINGNANO", "Tipo_generale": "Rastr_bloccatelaio", "categoria": "SCUOLA", "provenienza": "Esistente al 2023" }, "geometry": { "type": "LineString", "coordinates": [ [ 665011.738921496202238, 5106093.180829522199929 ], [ 665013.274258397636004, 5106092.938407906331122 ] ] } },
{ "type": "Feature", "properties": { "id": 425, "zona": "POVO", "tipologia": "Spirale", "n_posti": 6, "fumetto": null, "anno": 2023, "nr_moduli": 1, "tot_bici": 6, "foto": "425.JPG", "codice_via": 7460, "civico": 1, "barra": null, "edificio": null, "Tipo_generale": "Rastr_tradizionale", "categoria": null, "provenienza": "Esistente al 2023" }, "geometry": { "type": "LineString", "coordinates": [ [ 666590.804050473496318, 5103509.494917201809585 ], [ 666593.743922386085615, 5103509.569189307279885 ] ] } },
{ "type": "Feature", "properties": { "id": 426, "zona": "POVO", "tipologia": "Spirale", "n_posti": 6, "fumetto": null, "anno": 2023, "nr_moduli": 1, "tot_bici": 6, "foto": "426.JPG", "codice_via": 7460, "civico": 1, "barra": null, "edificio": null, "Tipo_generale": "Rastr_tradizionale", "categoria": null, "provenienza": "Esistente al 2023" }, "geometry": { "type": "LineString", "coordinates": [ [ 666590.202412514714524, 5103509.510926378890872 ], [ 666587.072911864845082, 5103509.714794545434415 ] ] } },
{ "type": "Feature", "properties": { "id": 427, "zona": "POVO", "tipologia": "Spirale", "n_posti": 6, "fumetto": null, "anno": 2023, "nr_moduli": 1, "tot_bici": 6, "foto": "427.JPG", "codice_via": 7460, "civico": 1, "barra": null, "edificio": null, "Tipo_generale": "Rastr_tradizionale", "categoria": null, "provenienza": "Esistente al 2023" }, "geometry": { "type": "LineString", "coordinates": [ [ 666584.004532864550129, 5103509.853157795034349 ], [ 666586.482986266491935, 5103509.641920481808484 ] ] } },
{ "type": "Feature", "properties": { "id": 428, "zona": "POVO", "tipologia": "Corten", "n_posti": 10, "fumetto": null, "anno": 2024, "nr_moduli": 1, "tot_bici": 10, "foto": "428.JPG", "codice_via": 7485, "civico": null, "barra": null, "edificio": null, "Tipo_generale": "Rastr_tradizionale", "categoria": null, "provenienza": "Esistente al 2023" }, "geometry": { "type": "LineString", "coordinates": [ [ 667203.742109219776466, 5104342.856358297169209 ], [ 667201.9104792320868, 5104342.533129476010799 ] ] } },
{ "type": "Feature", "properties": { "id": 429, "zona": "POVO", "tipologia": "Salè", "n_posti": 10, "fumetto": null, "anno": 2023, "nr_moduli": 1, "tot_bici": 10, "foto": "429.JPG", "codice_via": 7350, "civico": null, "barra": null, "edificio": "PARCO", "Tipo_generale": "Rastr_tradizionale", "categoria": null, "provenienza": "Esistente al 2023" }, "geometry": { "type": "LineString", "coordinates": [ [ 666461.285506577463821, 5103204.336706560105085 ], [ 666462.901650684187189, 5103205.952850666828454 ] ] } },
{ "type": "Feature", "properties": { "id": 430, "zona": "POVO", "tipologia": "Androna", "n_posti": 5, "fumetto": null, "anno": 2023, "nr_moduli": 1, "tot_bici": 5, "foto": "430.JPG", "codice_via": 7350, "civico": null, "barra": null, "edificio": null, "Tipo_generale": "Rastr_tradizionale", "categoria": null, "provenienza": "Esistente al 2023" }, "geometry": { "type": "LineString", "coordinates": [ [ 666457.891603953205049, 5103167.327006515115499 ], [ 666457.676118072238751, 5103166.249577110633254 ] ] } },
{ "type": "Feature", "properties": { "id": 431, "zona": "RAVINA", "tipologia": "Archetto", "n_posti": 2, "fumetto": null, "anno": 2023, "nr_moduli": 7, "tot_bici": 14, "foto": "431.JPG", "codice_via": 8780, "civico": 5, "barra": null, "edificio": null, "Tipo_generale": "Rastr_bloccatelaio", "categoria": null, "provenienza": "Esistente al 2023" }, "geometry": { "type": "LineString", "coordinates": [ [ 663150.775918304687366, 5100415.464564469642937 ], [ 663152.230448000715114, 5100416.488122403621674 ] ] } },
{ "type": "Feature", "properties": { "id": 432, "zona": "RAVINA", "tipologia": "Rotonda 6 posti", "n_posti": 6, "fumetto": null, "anno": 2023, "nr_moduli": 1, "tot_bici": 6, "foto": "432.JPG", "codice_via": 8870, "civico": 2, "barra": null, "edificio": "CENTRO CIVICO", "Tipo_generale": "Rastr_tradizionale", "categoria": null, "provenienza": "Esistente al 2023" }, "geometry": { "type": "LineString", "coordinates": [ [ 663012.272368356119841, 5100415.302950059995055 ], [ 663012.811083058360964, 5100414.387135066092014 ] ] } },
{ "type": "Feature", "properties": { "id": 433, "zona": "RAVINA", "tipologia": "Rotonda 6 posti", "n_posti": 6, "fumetto": null, "anno": 2023, "nr_moduli": 1, "tot_bici": 6, "foto": "433.JPG", "codice_via": 8870, "civico": 2, "barra": null, "edificio": "CENTRO CIVICO", "Tipo_generale": "Rastr_tradizionale", "categoria": null, "provenienza": "Esistente al 2023" }, "geometry": { "type": "LineString", "coordinates": [ [ 662992.178309962153435, 5100401.296367800794542 ], [ 662992.770896134665236, 5100399.787966635078192 ] ] } },
{ "type": "Feature", "properties": { "id": 434, "zona": "RAVINA", "tipologia": "Bronzetti 5 posti", "n_posti": 5, "fumetto": null, "anno": 2023, "nr_moduli": 1, "tot_bici": 5, "foto": "434.JPG", "codice_via": 8760, "civico": 2, "barra": "A", "edificio": "PALESTRA", "Tipo_generale": "Rastr_tradizionale", "categoria": null, "provenienza": "Esistente al 2023" }, "geometry": { "type": "LineString", "coordinates": [ [ 663317.023275419720449, 5100363.586338645778596 ], [ 663318.477805115864612, 5100364.017310407012701 ] ] } },
{ "type": "Feature", "properties": { "id": 435, "zona": "RAVINA", "tipologia": "Bronzetti 5 posti", "n_posti": 5, "fumetto": null, "anno": 2023, "nr_moduli": 1, "tot_bici": 5, "foto": "435.JPG", "codice_via": 8760, "civico": 2, "barra": "A", "edificio": "PALESTRA", "Tipo_generale": "Rastr_tradizionale", "categoria": null, "provenienza": "Esistente al 2023" }, "geometry": { "type": "LineString", "coordinates": [ [ 663320.09394922258798, 5100364.448282167315483 ], [ 663322.087193620856851, 5100364.933125399053097 ] ] } },
{ "type": "Feature", "properties": { "id": 436, "zona": "ROMAGNANO", "tipologia": "Metallo 4 posti", "n_posti": 4, "fumetto": null, "anno": 2023, "nr_moduli": 1, "tot_bici": 4, "foto": "436.JPG", "codice_via": 8920, "civico": null, "barra": null, "edificio": "PARCO", "Tipo_generale": "Rastr_tradizionale", "categoria": null, "provenienza": "Esistente al 2023" }, "geometry": { "type": "LineString", "coordinates": [ [ 662966.750976015697233, 5098132.539802873507142 ], [ 662968.42099159269128, 5098131.408501998521388 ] ] } },
{ "type": "Feature", "properties": { "id": 437, "zona": "ROMAGNANO", "tipologia": "Metallo 4 posti", "n_posti": 4, "fumetto": null, "anno": 2023, "nr_moduli": 1, "tot_bici": 4, "foto": "437.JPG", "codice_via": 8920, "civico": null, "barra": null, "edificio": "PARCO", "Tipo_generale": "Rastr_tradizionale", "categoria": null, "provenienza": "Esistente al 2023" }, "geometry": { "type": "LineString", "coordinates": [ [ 662968.766132839838974, 5098131.187500852160156 ], [ 662969.901213189237751, 5098130.462637304328382 ] ] } },
{ "type": "Feature", "properties": { "id": 439, "zona": "MATTARELLO", "tipologia": "Bronzetti 7 posti", "n_posti": 5, "fumetto": null, "anno": 2023, "nr_moduli": 1, "tot_bici": 5, "foto": "439.JPG", "codice_via": 7750, "civico": 1, "barra": null, "edificio": "SCUOLA SECONDARIA \"A. FOGAZZARO\"", "Tipo_generale": "Rastr_tradizionale", "categoria": "SCUOLA", "provenienza": "Esistente al 2023" }, "geometry": { "type": "LineString", "coordinates": [ [ 664956.224371427670121, 5097045.952248437330127 ], [ 664957.786644064239226, 5097045.629019615240395 ] ] } },
{ "type": "Feature", "properties": { "id": 440, "zona": "OLTREFERSINA", "tipologia": "Archetto", "n_posti": 2, "fumetto": null, "anno": 2023, "nr_moduli": 5, "tot_bici": 10, "foto": "440.JPG", "codice_via": 2080, "civico": 22, "barra": null, "edificio": "SCUOLA PRIMARIA \"O. WINKLER\"", "Tipo_generale": "Rastr_bloccatelaio", "categoria": "SCUOLA", "provenienza": "Esistente al 2023" }, "geometry": { "type": "LineString", "coordinates": [ [ 664997.032010122667998, 5101682.157911741174757 ], [ 664999.510097753023729, 5101681.619197038933635 ] ] } },
{ "type": "Feature", "properties": { "id": 441, "zona": "CENTRO STORICO-PIEDICASTELLO", "tipologia": "Bronzetti 5 posti", "n_posti": 5, "fumetto": null, "anno": 2023, "nr_moduli": 3, "tot_bici": 15, "foto": "441.jpg", "codice_via": 3320, "civico": 4, "barra": null, "edificio": "SCUOLA SECONDARIA \"G. BRESADOLA\"", "Tipo_generale": "Rastr_tradizionale", "categoria": "SCUOLA", "provenienza": "Esistente al 2023" }, "geometry": { "type": "LineString", "coordinates": [ [ 664111.71019554452505, 5103467.195540303364396 ], [ 664111.817938484949991, 5103463.747766209766269 ] ] } },
{ "type": "Feature", "properties": { "id": 442, "zona": "CENTRO STORICO-PIEDICASTELLO", "tipologia": "Rotonda 6 posti", "n_posti": 6, "fumetto": null, "anno": 2023, "nr_moduli": 1, "tot_bici": 6, "foto": "442.JPG", "codice_via": 3320, "civico": 4, "barra": null, "edificio": "SCUOLA SECONDARIA \"G. BRESADOLA\"", "Tipo_generale": "Rastr_tradizionale", "categoria": "SCUOLA", "provenienza": "Esistente al 2023" }, "geometry": { "type": "LineString", "coordinates": [ [ 664109.092922770068981, 5103470.93605725094676 ], [ 664109.048064236762002, 5103474.067702991887927 ] ] } },
{ "type": "Feature", "properties": { "id": 443, "zona": "CENTRO STORCIO-PIEDICASTELLO", "tipologia": "Bronzetti 7 posti", "n_posti": 7, "fumetto": null, "anno": 2023, "nr_moduli": 3, "tot_bici": 21, "foto": "443.JPG", "codice_via": 3320, "civico": 4, "barra": null, "edificio": "SCUOLA SECONDARIA \"G. BRESADOLA\"", "Tipo_generale": "Rastr_tradizionale", "categoria": "SCUOLA", "provenienza": "Esistente al 2023" }, "geometry": { "type": "LineString", "coordinates": [ [ 664109.016622033203021, 5103474.468188784085214 ], [ 664109.016622033319436, 5103479.585978452116251 ] ] } },
{ "type": "Feature", "properties": { "id": 444, "zona": "CENTRO STORICO-PIEDICASTELLO", "tipologia": "Bronzetti 7 posti", "n_posti": 6, "fumetto": null, "anno": 2023, "nr_moduli": 2, "tot_bici": 12, "foto": "444.JPG", "codice_via": 3320, "civico": 4, "barra": null, "edificio": "SCUOLA SECONDARIA \"G. BRESADOLA\"", "Tipo_generale": "Rastr_tradizionale", "categoria": "SCUOLA", "provenienza": "Esistente al 2023" }, "geometry": { "type": "LineString", "coordinates": [ [ 664111.440838193404488, 5103479.612914186902344 ], [ 664111.38696672313381, 5103476.757726265117526 ] ] } },
{ "type": "Feature", "properties": { "id": 446, "zona": "OLTREFERSINA", "tipologia": "Bronzetti 5 posti", "n_posti": 5, "fumetto": null, "anno": 2024, "nr_moduli": 1, "tot_bici": 5, "foto": "446.JPG", "codice_via": 2080, "civico": 22, "barra": null, "edificio": "SCUOLA PRIMARIA \"O. WINKLER\"", "Tipo_generale": "Rastr_tradizionale", "categoria": "SCUOLA", "provenienza": "Esistente al 2023" }, "geometry": { "type": "LineString", "coordinates": [ [ 665000.081705703749321, 5101719.985025486908853 ], [ 665000.478693567798473, 5101723.359422331675887 ] ] } },
{ "type": "Feature", "properties": { "id": 448, "zona": "OLTREFERSINA", "tipologia": "Rotonda 6 posti", "n_posti": 6, "fumetto": null, "anno": 2024, "nr_moduli": 1, "tot_bici": 6, "foto": "448.JPG", "codice_via": 2080, "civico": 22, "barra": null, "edificio": "SCUOLA PRIMARIA \"O. WINKLER\"", "Tipo_generale": "Rastr_tradizionale", "categoria": "SCUOLA", "provenienza": "Esistente al 2023" }, "geometry": { "type": "LineString", "coordinates": [ [ 665000.826057948987, 5101727.676665354520082 ], [ 665001.024551881011575, 5101729.860098606906831 ] ] } },
{ "type": "Feature", "properties": { "id": 438, "zona": "ROMAGNANO", "tipologia": "Metallo 4 posti", "n_posti": 4, "fumetto": null, "anno": 2023, "nr_moduli": 1, "tot_bici": 4, "foto": "438.JPG", "codice_via": 8960, "civico": 8, "barra": null, "edificio": null, "Tipo_generale": "Rastr_tradizionale", "categoria": null, "provenienza": "Sostituzione prevista nel 2027" }, "geometry": { "type": "LineString", "coordinates": [ [ 662994.737204797449522, 5098080.042055138386786 ], [ 662994.683333327178843, 5098078.533653972670436 ] ] } },
{ "type": "Feature", "properties": { "id": 445, "zona": "OLTREFERSINA", "tipologia": "Salè", "n_posti": 9, "fumetto": null, "anno": 2023, "nr_moduli": 1, "tot_bici": 9, "foto": "445.JPG", "codice_via": 4087, "civico": null, "barra": null, "edificio": "PARCO", "Tipo_generale": "Rastr_tradizionale", "categoria": null, "provenienza": "Sostituzione prevista nel 2027" }, "geometry": { "type": "LineString", "coordinates": [ [ 664918.467916624271311, 5101100.180833382532001 ], [ 664921.53708329400979, 5101100.657083382830024 ] ] } },
{ "type": "Feature", "properties": { "id": 449, "zona": "OLTREFERSINA", "tipologia": "Rotonda 6 posti", "n_posti": 6, "fumetto": null, "anno": 2024, "nr_moduli": 1, "tot_bici": 6, "foto": "449.JPG", "codice_via": 2080, "civico": 22, "barra": null, "edificio": "SCUOLA PRIMARIA \"O. WINKLER\"", "Tipo_generale": "Rastr_tradizionale", "categoria": "SCUOLA", "provenienza": "Esistente al 2023" }, "geometry": { "type": "LineString", "coordinates": [ [ 665001.074175363988616, 5101730.604450850747526 ], [ 665001.371916261967272, 5101733.780353763140738 ] ] } },
{ "type": "Feature", "properties": { "id": 447, "zona": "OLTREFERSINA", "tipologia": "Bronzetti 5 posti", "n_posti": 5, "fumetto": null, "anno": 2024, "nr_moduli": 1, "tot_bici": 5, "foto": "447.JPG", "codice_via": 2080, "civico": 22, "barra": null, "edificio": "SCUOLA PRIMARIA \"O. WINKLER\"", "Tipo_generale": "Rastr_tradizionale", "categoria": "SCUOLA", "provenienza": "Esistente al 2023" }, "geometry": { "type": "LineString", "coordinates": [ [ 665000.424417882924899, 5101723.681974971666932 ], [ 665000.734564651735127, 5101727.180430524051189 ] ] } },
{ "type": "Feature", "properties": { "id": 450, "zona": "OLTREFERSINA", "tipologia": "Bronzetti 5 posti", "n_posti": 5, "fumetto": null, "anno": 2024, "nr_moduli": 1, "tot_bici": 5, "foto": "450.JPG", "codice_via": 2080, "civico": 22, "barra": null, "edificio": "SCUOLA PRIMARIA \"O. WINKLER\"", "Tipo_generale": "Rastr_tradizionale", "categoria": "SCUOLA", "provenienza": "Esistente al 2023" }, "geometry": { "type": "LineString", "coordinates": [ [ 665001.99996346863918, 5101737.191968221217394 ], [ 665002.297704366734251, 5101738.978413609787822 ] ] } },
{ "type": "Feature", "properties": { "id": 451, "zona": "OLTREFERSINA", "tipologia": "Bronzetti 5 posti", "n_posti": 5, "fumetto": null, "anno": 2024, "nr_moduli": 1, "tot_bici": 5, "foto": "451.JPG", "codice_via": 2080, "civico": 22, "barra": null, "edificio": "SCUOLA PRIMARIA \"O. WINKLER\"", "Tipo_generale": "Rastr_tradizionale", "categoria": "SCUOLA", "provenienza": "Esistente al 2023" }, "geometry": { "type": "LineString", "coordinates": [ [ 665002.396951332921162, 5101739.673142371699214 ], [ 665002.595445264945738, 5101741.236282085999846 ] ] } },
{ "type": "Feature", "properties": { "id": 452, "zona": "OLTREFERSINA", "tipologia": "Rotonda 6 posti", "n_posti": 6, "fumetto": null, "anno": 2024, "nr_moduli": 1, "tot_bici": 6, "foto": "452.JPG", "codice_via": 2080, "civico": 22, "barra": null, "edificio": "SCUOLA PRIMARIA \"O. WINKLER\"", "Tipo_generale": "Rastr_tradizionale", "categoria": "SCUOLA", "provenienza": "Esistente al 2023" }, "geometry": { "type": "LineString", "coordinates": [ [ 665002.917997904587537, 5101743.692644495517015 ], [ 665003.091680095065385, 5101745.206160727888346 ] ] } },
{ "type": "Feature", "properties": { "id": 453, "zona": "MEANO", "tipologia": "Canova", "n_posti": 6, "fumetto": null, "anno": 2024, "nr_moduli": 1, "tot_bici": 6, "foto": "453.JPG", "codice_via": 8470, "civico": 40, "barra": null, "edificio": "SCUOLA PRIMARIA \"E. DE CARLI\"", "Tipo_generale": "Rastr_tradizionale", "categoria": "SCUOLA", "provenienza": "Esistente al 2023" }, "geometry": { "type": "LineString", "coordinates": [ [ 663424.46943844226189, 5110090.771881244145334 ], [ 663424.667932374286465, 5110088.985435855574906 ] ] } },
{ "type": "Feature", "properties": { "id": 454, "zona": "MEANO", "tipologia": "Canova", "n_posti": 6, "fumetto": null, "anno": 2024, "nr_moduli": 1, "tot_bici": 6, "foto": "454.JPG", "codice_via": 8470, "civico": 40, "barra": null, "edificio": "SCUOLA PRIMARIA \"E. DE CARLI\"", "Tipo_generale": "Rastr_tradizionale", "categoria": "SCUOLA", "provenienza": "Esistente al 2023" }, "geometry": { "type": "LineString", "coordinates": [ [ 663423.923580129048787, 5110097.173310552723706 ], [ 663424.022827095119283, 5110095.188371232710779 ] ] } },
{ "type": "Feature", "properties": { "id": 455, "zona": "MEANO", "tipologia": "Canova", "n_posti": 6, "fumetto": null, "anno": 2024, "nr_moduli": 1, "tot_bici": 6, "foto": "455.JPG", "codice_via": 8470, "civico": 40, "barra": null, "edificio": "SCUOLA PRIMARIA \"E . DE CARLI\"", "Tipo_generale": "Rastr_tradizionale", "categoria": "SCUOLA", "provenienza": "Esistente al 2023" }, "geometry": { "type": "LineString", "coordinates": [ [ 663423.625839230953716, 5110100.150719533674419 ], [ 663423.824333163094707, 5110098.215403696522117 ] ] } },
{ "type": "Feature", "properties": { "id": 456, "zona": "VIGO MEANO", "tipologia": "Bronzetti 5 posti", "n_posti": 5, "fumetto": null, "anno": 2024, "nr_moduli": 1, "tot_bici": 5, "foto": "456.JPG", "codice_via": 8492, "civico": 21, "barra": null, "edificio": "SCUOLA PRIMARIA \"I CALVINO\"", "Tipo_generale": "Rastr_tradizionale", "categoria": "SCUOLA", "provenienza": "Esistente al 2023" }, "geometry": { "type": "LineString", "coordinates": [ [ 664981.604711949126795, 5111118.821578851900995 ], [ 664982.299440711271018, 5111116.042663803324103 ] ] } },
{ "type": "Feature", "properties": { "id": 463, "zona": "GARDOLO", "tipologia": "Arco", "n_posti": 4, "fumetto": null, "anno": 2021, "nr_moduli": 1, "tot_bici": 4, "foto": "463.JPG", "codice_via": 5470, "civico": null, "barra": null, "edificio": null, "Tipo_generale": "Rastr_tradizionale", "categoria": null, "provenienza": "Esistente al 2023" }, "geometry": { "type": "LineString", "coordinates": [ [ 663647.12395822792314, 5107383.300627197138965 ], [ 663647.097499894560315, 5107381.289793861098588 ] ] } },
{ "type": "Feature", "properties": { "id": 464, "zona": "GARDOLO", "tipologia": "Arco", "n_posti": 4, "fumetto": null, "anno": 2024, "nr_moduli": 1, "tot_bici": 4, "foto": "464.JPG", "codice_via": 5470, "civico": null, "barra": null, "edificio": null, "Tipo_generale": "Rastr_tradizionale", "categoria": null, "provenienza": "Esistente al 2023" }, "geometry": { "type": "LineString", "coordinates": [ [ 663653.103333540726453, 5107383.439583219587803 ], [ 663653.262083540903404, 5107380.846666550263762 ] ] } },
{ "type": "Feature", "properties": { "id": 465, "zona": "GARDOLO", "tipologia": "Arco", "n_posti": 4, "fumetto": null, "anno": 2024, "nr_moduli": 1, "tot_bici": 4, "foto": "465.JPG", "codice_via": 5470, "civico": null, "barra": null, "edificio": null, "Tipo_generale": "Rastr_tradizionale", "categoria": null, "provenienza": "Esistente al 2023" }, "geometry": { "type": "LineString", "coordinates": [ [ 663653.791250208159909, 5107376.82499987911433 ], [ 663654.055833541788161, 5107374.443749876692891 ] ] } },
{ "type": "Feature", "properties": { "id": 466, "zona": "GARDOLO", "tipologia": "Arco", "n_posti": 4, "fumetto": null, "anno": 2024, "nr_moduli": 1, "tot_bici": 4, "foto": "466.JPG", "codice_via": 5470, "civico": null, "barra": null, "edificio": null, "Tipo_generale": "Rastr_tradizionale", "categoria": null, "provenienza": "Esistente al 2023" }, "geometry": { "type": "LineString", "coordinates": [ [ 663651.304166872287169, 5107372.591666541993618 ], [ 663653.156250207452103, 5107373.120833208784461 ] ] } },
{ "type": "Feature", "properties": { "id": 467, "zona": "GARDOLO", "tipologia": "Arco", "n_posti": 4, "fumetto": null, "anno": 2024, "nr_moduli": 1, "tot_bici": 4, "foto": "467.JPG", "codice_via": 5470, "civico": null, "barra": null, "edificio": null, "Tipo_generale": "Rastr_tradizionale", "categoria": null, "provenienza": "Esistente al 2023" }, "geometry": { "type": "LineString", "coordinates": [ [ 663647.60000020172447, 5107371.639166539534926 ], [ 663649.50500020373147, 5107372.327083206735551 ] ] } },
{ "type": "Feature", "properties": { "id": 468, "zona": "GARDOLO", "tipologia": "Argentario", "n_posti": 2, "fumetto": null, "anno": 2024, "nr_moduli": 2, "tot_bici": 4, "foto": "468.JPG", "codice_via": 5470, "civico": null, "barra": null, "edificio": null, "Tipo_generale": "Rastr_bloccatelaio", "categoria": null, "provenienza": "Esistente al 2023" }, "geometry": { "type": "LineString", "coordinates": [ [ 663627.888541847933084, 5107387.196666552685201 ], [ 663628.258958515012637, 5107385.344583217054605 ] ] } },
{ "type": "Feature", "properties": { "id": 469, "zona": "GARDOLO", "tipologia": "Argentario", "n_posti": 2, "fumetto": null, "anno": 2024, "nr_moduli": 3, "tot_bici": 6, "foto": "469.JPG", "codice_via": 5470, "civico": null, "barra": null, "edificio": null, "Tipo_generale": "Rastr_bloccatelaio", "categoria": null, "provenienza": "Esistente al 2023" }, "geometry": { "type": "LineString", "coordinates": [ [ 663625.242708511883393, 5107393.59958322532475 ], [ 663625.507291845511645, 5107391.218333222903311 ] ] } },
{ "type": "Feature", "properties": { "id": 489, "zona": "POVO", "tipologia": "Salè", "n_posti": 10, "fumetto": null, "anno": 2024, "nr_moduli": 1, "tot_bici": 10, "foto": "489.JPG", "codice_via": 7350, "civico": null, "barra": null, "edificio": null, "Tipo_generale": "Rastr_tradizionale", "categoria": null, "provenienza": "Esistente al 2023" }, "geometry": { "type": "LineString", "coordinates": [ [ 666469.982099681394175, 5103246.575130092911422 ], [ 666472.523520063608885, 5103246.320988054387271 ] ] } },
{ "type": "Feature", "properties": { "id": 497, "zona": "RAVINA-ROMAGNANO", "tipologia": "Bronzetti 5 posti", "n_posti": 1, "fumetto": null, "anno": 2025, "nr_moduli": 5, "tot_bici": 5, "foto": "497.JPG", "codice_via": 8945, "civico": 8, "barra": null, "edificio": null, "Tipo_generale": "Rastr_tradizionale", "categoria": null, "provenienza": "Esistente al 2023" }, "geometry": { "type": "LineString", "coordinates": [ [ 662966.992465801537037, 5098359.355619383044541 ], [ 662968.631522011011839, 5098361.237498735077679 ] ] } },
{ "type": "Feature", "properties": { "id": 498, "zona": "RAVINA-ROMAGNANO", "tipologia": "Bronzetti 5 posti", "n_posti": 1, "fumetto": null, "anno": 2025, "nr_moduli": 5, "tot_bici": 5, "foto": "498.JPG", "codice_via": 8945, "civico": 8, "barra": null, "edificio": null, "Tipo_generale": "Rastr_tradizionale", "categoria": null, "provenienza": "Esistente al 2023" }, "geometry": { "type": "LineString", "coordinates": [ [ 662970.230231848079711, 5098362.31377675011754 ], [ 662971.840013535926118, 5098363.979068151675165 ] ] } },
{ "type": "Feature", "properties": { "id": 499, "zona": "BONDONE", "tipologia": "A pavimento 5 posti", "n_posti": 1, "fumetto": null, "anno": 2025, "nr_moduli": 5, "tot_bici": 5, "foto": "499.JPG", "codice_via": 8023, "civico": 15, "barra": null, "edificio": null, "Tipo_generale": "Rastr_tradizionale", "categoria": null, "provenienza": "Esistente al 2023" }, "geometry": { "type": "LineString", "coordinates": [ [ 658980.128798717516474, 5103826.555429831147194 ], [ 658982.536154291941784, 5103826.48664824385196 ] ] } },
{ "type": "Feature", "properties": { "id": 500, "zona": "BONDONE", "tipologia": "A pavimento 5 posti", "n_posti": 1, "fumetto": null, "anno": 2025, "nr_moduli": 5, "tot_bici": 5, "foto": "500.JPG", "codice_via": 8023, "civico": 15, "barra": null, "edificio": null, "Tipo_generale": "Rastr_tradizionale", "categoria": null, "provenienza": "Esistente al 2023" }, "geometry": { "type": "LineString", "coordinates": [ [ 658983.155188582488336, 5103826.51147442497313 ], [ 658986.112796859466471, 5103826.580256013199687 ] ] } },
{ "type": "Feature", "properties": { "id": 510, "zona": "CENTRO STORICO-PIEDICASTELLO", "tipologia": "Metallo 2 posti", "n_posti": 2, "fumetto": null, "anno": 2025, "nr_moduli": 1, "tot_bici": 2, "foto": "510.jpg", "codice_via": 2110, "civico": 13, "barra": null, "edificio": "UFFICI COMUNALI ", "Tipo_generale": "Rastr_tradizionale", "categoria": null, "provenienza": "Esistente al 2023" }, "geometry": { "type": "LineString", "coordinates": [ [ 663976.938437500153668, 5103906.613749999552965 ], [ 663978.459791666828096, 5103906.878333332948387 ] ] } },
{ "type": "Feature", "properties": { "id": 491, "zona": "CENTRO STORICO-PIEDICASTELLO", "tipologia": "Androna", "n_posti": 5, "fumetto": null, "anno": 2025, "nr_moduli": 1, "tot_bici": 5, "foto": "491.JPG", "codice_via": 480, "civico": 14, "barra": null, "edificio": null, "Tipo_generale": "Rastr_tradizionale", "categoria": null, "provenienza": "Sostituzione prevista nel 2026" }, "geometry": { "type": "LineString", "coordinates": [ [ 663865.570358872646466, 5104629.003137471154332 ], [ 663865.204958096379414, 5104627.663334624841809 ] ] } },
{ "type": "Feature", "properties": { "id": 490, "zona": "CENTRO STORICO-PIEDICASTELLO", "tipologia": "Androna", "n_posti": 5, "fumetto": null, "anno": 2025, "nr_moduli": 1, "tot_bici": 5, "foto": "490.JPG", "codice_via": 480, "civico": 14, "barra": null, "edificio": null, "Tipo_generale": "Rastr_tradizionale", "categoria": null, "provenienza": "Sostituzione prevista nel 2026" }, "geometry": { "type": "LineString", "coordinates": [ [ 663866.301160425180569, 5104631.713193228468299 ], [ 663865.874859519535676, 5104629.947089476510882 ] ] } }
]
}
